FUENTE;FUENTE 2;FECHA;HORA;ORIGEN;DESTINO;CANTIDAD;MONTO;INFRAESTRUCTURA;INSUMOS MEDICOS;EQUIPAMIENTO;IMPLEMENTOS DE BIOSEGURIDAD;CONCEPTO;ESTADO;NOTICIA
MSA;REDES;16/03/2020;21:24:32;GOBIERNO;POBLACION;;;;;;OK;COMPRA;Entregado;" El Min. #AnÌbalCruz entregÛ 600 barbijos N95, 60 cajas de guantes de l·tex y 90 batas descartables, como equipo de protecciÛn personal a la Pol_Boliviana
que presta servicio en centros mÈdicos #coronavirus 
#hagamosPaÌsEnPaz "
MSA;REDES;16/03/2020;19:33:29;GOBIERNO;POBLACION;;;;OK;;;COMPRA;Entregado;"#Bolivia cuenta con aprovisionamiento suficiente de reactivos para el an·lisis de laboratorio por #coronavirus, ""Hoy llegaron 2.500 reactivos y 7.000 m·s llegar·n en las prÛximas horas, para hacer el diagnÛstico de casos sospechosos"", dijo el Min. #AnÌbalCruz
"
MSA;REDES;16/03/2020;23:26:22;GOBIERNO;POBLACION;;;;;;OK;COMPRA;Entregado;"#Coronavirus:  entrega equipos de protecciÛn personal a la Pol_Boliviana 
Lee la nota completa "
MSA;REDES;17/03/2020;01:31:35;GOBIERNO;POBLACION;;;;;;OK;COMPRA;Entregado;"#CoronavirusBolivia
El  entregÛ un primer stock de equipos de protecciÛn a personal mÈdico y tambiÈn a policÌas que prestan servicios en centros salud de los 9 departamentos del paÌs. Se trata de 12 mil barbijos, 1.700 pares de guantes de l·tex y 4.980 batas. "
UNI;REDES;19/03/2020;17:17:48;CHINA;SANTA CRUZ;;;;;OK;;DONACION;Entregado;China donÛ equipos de control y monitoreo para el coronavirus en Santa Cruz
MSA;REDES;20/03/2020;02:21:11;GOBIERNO;POBLACION;;;;;;OK;COMPRA;Entregado;"Gobierno entrega barbijos y otros insumos para evitar el contagio de #coronavirus
Lee la nota completa "
UNI;REDES;24/03/2020;17:26:55;YPFB;HOSPITALES;;;;;;OK;COMPRA;Entregado;YPFB dota de equipos de protecciÛn a personal mÈdico que atiende a sospechosos
BOL;REDES;26/03/2020;02:55:02;GOBIERNO;SANTA CRUZ;;;;;OK;;COMPRA;Entregado;El aparato mÈdico ser· entregado al hospital San Juan de Dios 
MSA;REDES;26/03/2020;16:37:52;GOBIERNO;ORURO;;;OK;;;OK;COMPRA;Entregado; La Pdta. #JeanineAÒez, junto al Min #AnÌbalCruz y otras autoridades de Estado, anunciÛ la entrega de 206 Ìtems de salud, la adecuaciÛn de un laboratorio, construcciÛn de dos centros de salud prefabricados e insumos de bioseguridad en #Oruro para combatir el #COVID19 
MSA;REDES;30/03/2020;03:51:19;GOBIERNO;LA PAZ;;;;;;OK;COMPRA;Entregado;El Ministro #AnÌbalCruz entregÛ insumos de bioseguridad, entre guantes, barbijos, botas, batas y otros, a MuniLaPaz ElAltoAlcaldia y gobernacionlp, para fortalecer la labor del personal en salud de hospitales y centros mÈdicos frente a la emergencia sanitaria por el #COVID19. 
MSA;REDES;31/03/2020;11:53:34;GOBIERNO;LA PAZ;;;;;;OK;COMPRA;Entregado;" Inicia el acto de entrega de equipos de rociado para tareas de fumigaciÛn, con la representante de la unidad_gestion #CarolinaRibero y el
el Ministro de Salud #AnÌbalCruz en #LaPaz "
BOL;REDES;02/04/2020;15:58:26;CHINA;GOBIERNO;;;;;;;DONACION;Entregado;" China entrega importante donaciÛn a Bolivia
 140 extranjeros ser·n repatriados a paÌses europeos
"
BOL;REDES;03/04/2020;18:42:40;GOBIERNO;LA PAZ;;;;;;OK;DONACION;Entregado;Fueron donados insumos de bioseguridad 
MSA;REDES;03/04/2020;02:45:45;PNUD;POBLACION;13;;;;OK;;DONACION;Entregado;"Ministro #AnÌbalCruz: ""El PNUDBolivia entregÛ al paÌs equipos para la implementaciÛn de 13 laboratorios de detecciÛn del #COVID19; localizados en los 9 departamentos. 3 de ellos son laboratorios de PCR  ReacciÛn en Cadena de la Polimerasa"".

#CoronaviruBolivia "
MSA;REDES;03/04/2020;02:54:14;CHINA;GOBIERNO;;;;OK;OK;OK;DONACION;Entregado;"Ministro #AnÌbalCruz: ""Recibimos el apoyo internacional de China de 100.000 barbijos, 20.000 kits para el diagnÛstico de #coronavirus y 5 respiradores mÈdicos; vamos a dar un buen uso de este equipo y distribuir de manera inmediata, a travÈs de los #SEDES en cada departamento"". "
MSA;REDES;06/04/2020;22:45:48;GOBIERNO;LA PAZ;;;;;;OK;COMPRA;Entregado; Ministro de #Salud AnÌbal Cruz junto a las autoridades #ErwinViruez #IvanArias entregan insumos de bioseguridad a personal de salud del Hospital La Portada #COVID19 
UNI;REDES;06/04/2020;15:09:02;PRIVADO;GOBIERNO;;;;OK;OK;;DONACION;Entregado;Gobierno recibe donaciÛn de privados y Asoban para comprar insumos mÈdicos y reactivos
BOL;REDES;07/04/2020;03:50:02;GOBIERNO;POBLACION;;;;;;OK;COMPRA;Entregado;Adem·s llegaron otros insumos de limpieza para prevenir el coronavirus 
BTV;REDES;10/04/2020;19:30:52;GOBIERNO;COCHABAMBA;;;;;;OK;COMPRA;Entregado; En #Cochabamba, autoridades del Gobierno nacional, realizan un recorrido por los distintos hospitales de la regiÛn entregando elementos de bioseguridad para el personal mÈdico. 
BTV;REDES;10/04/2020;19:32:52;GOBIERNO;BENI;;;;;;OK;COMPRA;Entregado; En #Riberalta, #Beni, el Gobierno nacional entregÛ insumos de bioseguridad para que los mÈdicos cuenten con los elementos necesarios para trabajar en estos tiempos de pandemia por el #coronavirus. 
BTV;REDES;10/04/2020;20:08:36;GOBIERNO;CHUQUISACA;;;;;;OK;COMPRA;Entregado;"#SOCIEDAD
La Unidad de GestiÛn Social del Ministerio de la Presidencia comenzÛ a distribuir miles de insumos de bioseguridad a los hospitales del departamento de #Chuquisaca, informÛ el diputado Horacio Poppe.
"
BTV;REDES;11/04/2020;19:08:50;YPFB;SANTA CRUZ;;;;;;OK;DONACION;Entregado;"#OPINI”N 
El presidente de Yacimientos PetrolÌferos Fiscales Bolivianos (YPFB), Herland Soliz, entregÛ el s·bado equipos de bioseguridad mÈdica a distintas provincias del departamento de #SantaCruz para enfrentar el #coronavirus COVID19.
"
BTV;REDES;13/04/2020;12:54:21;ALCALDIA;SANTA CRUZ;;;;;;OK;COMPRA;Entregado; YPFB y la GobernaciÛn de #SantaCruz entregan equipos de bioseguridad para mÈdicos de las provincias: Velasco, √ëuflo de Ch·vez y √Ångel Sandoval. 
BTV;REDES;13/04/2020;18:41:05;PRIVADO;POBLACION;;50000 $;;;OK;OK;DONACION;Entregado;El empresario cochabambino JosÈ Ra˙l Montalvo donÛ equipos de bioseguridad y equipamiento para bomberos valuados en 50 mil dÛlares para la prevenciÛn del #coronavirus. Esta donaciÛn ser· entregada a Defensa Civil. 
MSA;REDES;14/04/2020;18:02:47;GOBIERNO;EL ALTO;;;OK;;;;COMPRA;Entregado;" El Vicemin. de Medicina Tradicional #FelipeQuilla y naturistas de la AsociaciÛn ""Inca Roca"" pusieron en marcha una c·mara de vapor mÛvil a base de hiervas medicinales para prevenir afecciones respiratorias en la zona de Alto Lima.
 "
MSA;REDES;15/04/2020;20:20:30;GOBIERNO;EL ALTO;10;;OK;;;;COMPRA;Entregado;" Diez c·maras de desinfecciÛn natural a base de plantas medicinales ser·n instaladas en #ElAlto
Conoce m·s detalles "
BTV;REDES;16/04/2020;23:08:35;GOBIERNO;TARIJA;;;;OK;OK;;COMPRA;Entregado;"#SOCIEDAD 
El Ministerio de Hidrocarburos con la colaboraciÛn de YPFB, entregÛ insumos y equipamiento para el laboratorio del Hospital San Juan de Dios de #Tarija, designado para diagnosticar y atender pacientes con #coronavirus.
"
UNI;REDES;16/04/2020;18:04:49;ALCALDIA;TARIJA;;;;OK;;;COMPRA;Entregado;Alcalde de Tarija entrega insumos para la protecciÛn de trabajadores de limpieza
BTV;REDES;17/04/2020;20:55:42;GOBIERNO;ORURO;;;OK;;;;COMPRA;Entregado;"#EnVivoEn #Oruro se realiza la entrega de dos hospitales mÛviles y centros de aislamiento. 
"
BTV;REDES;17/04/2020;23:40:28;GOBIERNO;ORURO;;1800000;OK;;;;COMPRA;Entregado;"#SALUD 
La presidenta Constitucional, Jeanine √ÅÒez, este viernes entregÛ dos centros mÈdicos mÛviles, que tienen el costo de 1.800.000 bolivianos para el tratamiento del #coronavirus en #Oruro.
"
MSA;REDES;17/04/2020;18:45:34;PRIVADO;GOBIERNO;;;;;OK;;DONACION;Entregado;" BancoBisa entrega equipo de respiraciÛn artificial al Ministerio de Salud

Lee la nota completa en: "
MSA;REDES;17/04/2020;14:25:35;PRIVADO;GOBIERNO;;27000;;;OK;;DONACION;Entregado;" BancoBisa realizÛ la entrega de un sistema de ventilaciÛn convencional invasivo y no invasivo a , valorizado en m·s de $us 27 mil para mejorar los servicios de atenciÛn en salud.


"
BOL;REDES;18/04/2020;05:38:17;GOBIERNO;POBLACION;200;;;;;OK;COMPRA;Entregado;Adem·s entregaron 200 trajes de bioseguridad 
RED;REDES;18/04/2020;17:03:55;EEUU;GOBIERNO;;750000 $;;;;;DONACION;Entregado;"El gobierno de los Estados Unidos, mediante su Departamento de Estado, oficializÛ una donaciÛn valuada en $us. 750.000 destinada para la salud en Bolivia. 
La informaciÛn fue dada a conocer por el embajador boliviano de Ciencia, TecnologÌa e InnovaciÛn, Mohammed M. "
BTV;REDES;20/04/2020;22:04:16;GOBIERNO;COCHABAMBA;;;;;;OK;COMPRA;Entregado;"#POL√çTICALa presidenta Jeanine √ÅÒez arribÛ el lunes a la ciudad de #Cochabamba para entregar Ìtems de salud e insumos de bioseguridad, en la oportunidad  pidiÛ a las autoridades de los gobiernos subnacionales asumir tambiÈn su responsabilidad.
"
MSA;REDES;20/04/2020;18:24:11;GOBIERNO;COCHABAMBA;;;;;;OK;COMPRA;Entregado;"""Agradecemos al personal de salud que arriesga la vida para cuidar la vida de otro, tenemos la obligaciÛn de brindarles protecciÛn"", Pdta. #Jeanine√ÅÒez en entrega de 350 Ìtems e insumos de bioseguridad en #Cochabamba,  junto al ministro #MarceloNavajas y otras autoridades. "
MSA;REDES;20/04/2020;21:51:01;GOBIERNO;COCHABAMBA;;;;;;OK;COMPRA;Entregado;"Gobierno entrega 350 Ìtems e insumos de bioseguridad para hospitales de #Cochabamba 
"
BTV;REDES;21/04/2020;17:18:44;GOBIERNO;CHUQUISACA;12;;;;OK;;COMPRA;Entregado;"#SALUD 
Para fortalecer la lucha contra el #coronavirus en el paÌs, es que se ultiman los detalles para la llegada de 12 equipos de terapia intensiva para la siguiente semana, en el departamento de #Chuquisaca.
"
MSA;REDES;22/04/2020;14:40:56;FUNDACION;GOBIERNO;;;;OK;OK;OK;DONACION;Entregado;" La canciller #KarenLongaric y el ministro de Salud #MarceloNavajas reciben donaciÛn de VisiÛn Mundial y la FundaciÛn Hivos, entre equipos hospitalarios de bioseguridad y elementos destinados al diagnÛstico en laboratorios. 
#QuedateEnCasa "
RED;REDES;22/04/2020;23:17:20;GOBIERNO;SANTA CRUZ;100;;;;OK;;COMPRA;Entregado;"La GobernaciÛn cruceÒa anunciÛ que la prÛxima semana llegar·n al departamento m·s de 100 respiradores artificiales, camas para terapias intensivas, monitores, bombas de infusiÛn, entre otros equipos. 

"
UNI;REDES;22/04/2020;15:22:30;FUNDACION;GOBIERNO;;21000000;;;;OK;DONACION;Entregado;Gobierno recibe DONACI”Nes de equipos de bioseguridad valuadas en Bs
MSA;REDES;23/04/2020;15:02:23;PRIVADO;POBLACION;;;;;;OK;DONACION;Entregado;" El Instituto Nacional del TÛrax en #LaPaz recibe insumos y equipos de bioseguridad entregados por el  y #BancoBisa. 
 "
MSA;REDES;23/04/2020;14:09:12;GOBIERNO;LA PAZ;;;OK;;;;COMPRA;Entregado; El Vicemin. de #MedicinaTradicional, Felipe Quilla, inaugurÛ en la plaza Garita de Lima de #LaPaz una c·mara de desinfecciÛn que utiliza vapor a base de plantas naturales como el eucalipto, wira wira y manzanilla, como una medida de prevenciÛn de afecciones respiratorias 
BOL;REDES;30/04/2020;15:56:50;GOBIERNO;POBLACION;50000;;;;;OK;COMPRA;Entregado;"El ministro Yerko N˙Òez realizÛ la entrega de 50 mil barbijos a la policÌa boliviana

"
UNI;REDES;30/04/2020;18:08:58;PRIVADO;BENI;;;;;;OK;DONACION;Entregado;Hugo Dellien entregÛ equipos de biseguridad en Trinidad
UNI;REDES;04/05/2020;01:09:34;GOBIERNO;BENI;;;;OK;;;COMPRA;Entregado;Entregaron insumos mÈdicos para Trinidad, cumple su primer dÌa de encapsulamiento
MSA;REDES;08/05/2020;19:27:23;OPS/OMS;GOBIERNO;;;;OK;OK;;DONACION;Entregado;"  recibiÛ la donaciÛn de equipamiento e insumos mÈdicos para reforzar la atenciÛn en salud, por parte de OPSOMSBolivia. 


"
MSA;REDES;08/05/2020;18:44:50;KOICA;GOBIERNO;11;;;OK;;;DONACION;Entregado;" El Ministro de Salud, Dr. #MarceloNavajas, recibiÛ la donaciÛn de 11 kits de extracciÛn ARN por parte de la Agencia de CooperaciÛn Internacional de Corea en Bolivia #KOICA, para reforzar la capacidad de #diagnÛstico de #COVID19.


"
UNI;REDES;08/05/2020;11:48:21;GOBIERNO;COCHABAMBA;2000;;;OK;;;DONACION;Entregado;La UMSS de Cochabamba recibiÛ donaciÛn de 2 mil reactivos para pruebas Covid
UNI;REDES;08/05/2020;21:21:30;TAIWAN;SANTA CRUZ;8;;;;OK;;DONACION;Entregado;Taiw·n enviÛ ocho respiradores a Santa Cruz como donaciÛn para combatir el Covid19
BOL;REDES;09/05/2020;01:59:48;;BENI;;;;OK;;;COMPRA;Entregado;El centro de salud central de la ciudad de Trinidad recibiÛ los insumos 
BTV;REDES;09/05/2020;14:29:13;GOBIERNO;POBLACION;70 TN;;;OK;OK;OK;COMPRA;Entregado;"#SALUD 
El jefe nacional de EpidemiologÌa del Ministerio de Salud, V. Prieto, informÛ que llegaron al paÌs 70 toneladas de medicamentos y equipos para fortalecer la lucha contra la pandemia global del #COVID19. 
"
MSA;REDES;09/05/2020;02:18:21;GOBIERNO;POBLACION;70 TN;;;OK;OK;OK;COMPRA;Entregado;" El jefe Nal. de la U. de EpidemiologÌa #VirgilioPrieto informa que 70 toneladas de medicamentos, reactivos, insumos de bioseguridad y respiradores partieron hoy a los nueve departamentos del paÌs para reforzar la atenciÛn a la emergencia por el #COVID19
 "
MSA;REDES;10/05/2020;19:09:50;GOBIERNO;BENI;;;;OK;;;COMPRA;Entregado;" El ministro de la Presidencia, Yerko N˙Òez, entregÛ ocho Ìtems en salud e insumos de bioseguridad para el municipio de #GuayaramerÌn. 
"
UNI;REDES;12/05/2020;20:03:13;ALCALDIA;POTOSI;;;;;;OK;COMPRA;Entregado;Alcalde de PotosÌ distribuyÛ equipos de bioseguridad en varios centros de salud
MSA;REDES;13/05/2020;21:35:24;GOBIERNO;POBLACION;170;;;;OK;;COMPRA;Entregado;"Min. #MarceloNavajas: ""Un aviÛn llega maÒana con 170 respiradores digitales de ˙ltima generaciÛn. Hasta mediados de junio tendremos los 500 respiradores y se distribuir· a hospitales seg˙n la cantidad de casos de #COVID19"", #AsuntosCentrales

#QuedateEnCasa 
"
BOL;REDES;14/05/2020;23:48:12;GOBIERNO;POBLACION;;;;OK;;;COMPRA;Entregado;" Gobierno deroga disposiciÛn adicional de D.S. 4231
 Entregan ivermectina para pacientes con Covid19

"
BTV;REDES;14/05/2020;20:57:44;AIDISA;CHUQUISACA;;1400000;;;OK;OK;COMPRA;Entregado;La empresa AIDISA Bolivia S.A. realizÛ este jueves la entrega de camas hospitalarias e insumos de bioseguridad a los hospitales del departamento de #Chuquisaca, material donado que asciende a una inversiÛn aproximadamente de 1.4 millones de bolivianos. 
BTV;REDES;14/05/2020;21:15:37;GOBIERNO;BENI;;;;;OK;;COMPRA;Entregado; En #Yacuiba, #Tarija, se equipa el Hospital de tercer nivel úFray Quebrachoùcon equipos para terapia intensiva. 
RAZ;REDES;14/05/2020;13:11:06;POLICIA;POLICIA;;;;;;OK;COMPRA;Entregado;"#Bolivia
El comandante de la PolicÌa dotÛ equipos de bioseguridad a los efectivos que son parte de la primera lÌnea de la lucha contra el COVID19.
 "
RAZ;REDES;14/05/2020;22:58:52;GOBIERNO;POBLACION;170;;;;OK;;COMPRA;Entregado;"#Lo⁄ltimo 
Este jueves arribÛ al aeropuerto de Viru Viru de #SantaCruz un lote de 170 respiradores artificiales y otros equipos para la atenciÛn de pacientes con #COVID19. Los equipos fueron trasladados al Hospital JaponÈs. 
VÌa: ABI "
RAZ;REDES;14/05/2020;15:25:40;ALCALDIA;LA PAZ;;;OK;;;;DONACION;Entregado;El Hotel Deportivo de la GobernaciÛn y el Sedede de La Paz, en Alto Obrajes, est· listo para su entrega e inauguraciÛn. En principio ser· puesto a disposiciÛn de la emergencia sanitaria por el #COVID19. 
UNI;REDES;14/05/2020;20:39:02;SUECIA;EL ALTO;;;;;;OK;DONACION;Entregado;CooperaciÛn Sueca entrega a AlcaldÌa de El Alto insumos de bioseguridad para fumigado y limpieza
BTV;REDES;15/05/2020;20:23:23;GOBIERNO;POTOSI;;;;;;OK;COMPRA;Entregado; ArribÛ este viernes a #PotosÌ equipos de bioseguridad para el centro de atenciÛn de pacientes con #coronavirus úCruenù y se fortalece al personal mÈdicos y hospitales, la ayuda proviene del Ministerio de Salud. 
BTV;REDES;15/05/2020;16:18:27;PRIVADO;COCHABAMBA;;;;;;OK;COMPRA;Entregado;La Iglesia CatÛlica y la Universidad CatÛlica Boliviana de #Cochabamba realizan la entrega de equipos de bioseguridad en apoyo al personal de salud del hospital centinela Solomon Klein. 
BTV;REDES;15/05/2020;21:46:41;GOBIERNO;BENI;;;;OK;OK;;COMPRA;Entregado;"La presidenta Constitucional, JeanineAnez, realizÛ la entrega de equipamiento mÈdico e insumos al departamento del #Beni para reforzar las condiciones de los hospitales.
"
RAZ;REDES;15/05/2020;01:19:00;GOBIERNO;POBLACION;600;;;;OK;;COMPRA;Entregado;"#Bolivia 
La presidenta #Jeanine√ÅÒez informÛ que se comprÛ 600 equipos respiradores. El #BID informÛ que financiÛ la compra y traslado de los equipos 
"
RAZ;REDES;15/05/2020;16:38:35;GOBIERNO;BENI;;;;OK;OK;;COMPRA;Entregado;"
#Trinidad
La presidenta de Bolivia, Jeanine √ÅÒez, participa de la entrega de equipamiento e insumos para luchar contra el #coronavirus. "
RAZ;REDES;15/05/2020;14:28:34;GOBIERNO;COCHABAMBA;;;;;OK;;COMPRA;Entregado;"#EnDirecto
El ministro de Trabajo Oscar Mercado, anuncia que en las prÛximas horas la presidenta Jeanine √ÅÒez entregar· a #Cochabamba un lote de equipos mÈdicos para los hospitales centinela del #COVID19 "
RAZ;REDES;15/05/2020;17:30:10;PRIVADO;CHUQUISACA;;;;;OK;OK;DONACION;Entregado;"#Lo⁄ltimo
#Sucre
La empresa Aidisa Bolivia S.A. donÛ un lote de insumos de bioseguridad y camas hospitalarias a la GobernaciÛn de #Chuquisaca. El donativo, que tuvo una inversiÛn Bs 1.4 millones, tiene un alcance nacional. VÌa ABI "
RAZ;REDES;15/05/2020;17:50:04;ALCALDIA;POBLACION;;;;;;OK;COMPRA;Entregado;"#Lo⁄ltimo
#Tarija
La maÒana de este viernes, la AlcaldÌa de #Tarija entregÛ insumos de bioseguridad a la PolicÌa, para la lucha contra el #COVID19. VÌa ABI "
BTV;REDES;16/05/2020;19:42:46;GOBIERNO;CHUQUISACA;10;;;;OK;;COMPRA;Entregado;"
Autoridades de Gobierno y la presidenta JeanineAnez llegan a #Sucre para entregar 10 respiradores para el Hospital Lajastambo, de atenciÛn de casos de #Covid_19.
"
BTV;REDES;16/05/2020;15:50:30;GOBIERNO;ORURO;;;;;OK;OK;COMPRA;Entregado;"#EnVivo 
Autoridades nacionales inspeccionan centro de aislamiento en #Oruro y entregan respiradores, camas e insumos de bioseguridad. "
BTV;REDES;16/05/2020;15:19:13;GOBIERNO;ORURO;;;;;OK;OK;COMPRA;Entregado;"#EnVivo 
Gobierno Nacional entrega insumos de bioseguridad y respiradores al sistema de salud en #Oruro. "
BTV;REDES;16/05/2020;23:44:17;ALCALDIA;LA PAZ;;;;;;OK;COMPRA;Entregado;"La noche del s·bado, la GobernaciÛn de #LaPaz entregÛ a #Caranavi equipos de bioseguridad que les ayudar· en la lucha contra el #coronavirus. 
"
BTV;REDES;16/05/2020;17:57:58;GOBIERNO;CHUQUISACA;10;;;;OK;;COMPRA;Entregado;"La presidenta Constitucional de #Bolivia JeanineAnez entregar· en #Sucre 10 respiradores al sector de salud, con el objetivo de reforzar los centros hospitalarios donde se atienden a los pacientes con #Covid_19, asÌ nos informa nuestro periodista Gonzalo Quiroga. 
"
MSA;REDES;16/05/2020;20:37:37;GOBIERNO;ORURO;;;;OK;OK;OK;COMPRA;Entregado;" #COVID19: Gobierno entrega respiradores, camas de terapia intermedia, equipos para centros de aislamiento e insumos de desinfecciÛn en #Oruro

Lee la nota completa en: "
RAZ;REDES;16/05/2020;15:29:39;GOBIERNO;ORURO;;;;OK;OK;;COMPRA;Entregado;"#EnDirecto 

La presidenta Jeanine AÒez JeanineAnez hace la entrega de respiradores, camas e insumos mÈdicos en #Oruro "
RAZ;REDES;16/05/2020;19:45:49;GOBIERNO;CHUQUISACA;10;;;;OK;;COMPRA;Entregado;La presidenta JeanineAnez hace la entrega de 10 respiradores en #Sucre y equipamiento mÈdico. 
RAZ;REDES;17/05/2020;19:30:50;GOBIERNO;TARIJA;10;;;;OK;;COMPRA;Entregado;El Gobierno entregÛ  este domingo a Tarija 10 respiradores, camas de internaciÛn de tres movimientos, insumos mÈdicos y nuevos Ìtems en salud, en el marco de la batalla contra la expansiÛn de la pandemia del #coronavirus #COVID19. 
BOL;REDES;18/05/2020;18:54:44;PRIVADO;GOBIERNO;;;;;;OK;DONACION;Entregado;Fueron entregados insumos de bioseguridad 
BTV;REDES;18/05/2020;19:29:16;PRIVADO;CHUQUISACA;;;OK;;;;COMPRA;Entregado;"     
El Colegio MÈdico de #Chuquisaca contratÛ este lunes los servicios de un hotel para habilitar como centro de aislamiento a personal del sector salud que presente sÌntomas de #coronavirus.
"
BTV;REDES;18/05/2020;23:25:30;GOBIERNO;POBLACION;170;4706110;;;OK;;COMPRA;Entregado;"
Min. de Salud, Marcelo Navajas: Compramos los respiradores por un monto de 27.683 dÛlares la unidad a travÈs del Banco Interamericano de Desarrollo. "
DEB;REDES;18/05/2020;02:15:53;PRIVADO;POBLACION;;;;OK;;OK;DONACION;Entregado;El candidato de la alianza Creemos entregÛ DONACI”Nes este fin de semana  
DEB;REDES;18/05/2020;14:52:32;GOBIERNO;POBLACION;;;;;;OK;DONACION;Entregado;"Los primeros lotes de barbijos fueron donados y entregados a todas las personas que est·n en primera lÌnea luchando para preservar la vida de todos los bolivianos.  
"
RAZ;REDES;18/05/2020;15:39:29;PRIVADO;GOBIERNO;;3000000;;;;OK;DONACION;Entregado;"#EnDirecto
La CervecerÌa Boliviana Navional (CBN) dona equipos de bioseguridad para la lucha contra el coronavirus, con una inversiÛn de m·s de 3 millones de bolivianos "
RAZ;REDES;18/05/2020;20:08:01;CBN;GOBIERNO;;;;OK;;OK;DONACION;Entregado;"#LaPaz 
1.590 trajes de bioseguridad, 15.000 guantes de l·tex, 15.000 guantes de nitrito, 20.416 litros de alcohol medicinal, 5.000 barbijos N95, 15.000 batas quir˙rgicas, entre otros, forma parte de la donaciÛn."
RAZ;REDES;18/05/2020;17:20:43;PRIVADO;GOBIERNO;;;;;;OK;DONACION;Entregado;"#Lo⁄ltimo
#LaPaz
Im·genes del momento en que la CBN entrega la donaciÛn de material de bioseguridad a la presidenta Jeanine √ÅÒez "
RAZ;REDES;18/05/2020;16:23:24;GOBIERNO;LA PAZ;;;OK;;;OK;COMPRA;Entregado;"#VideoNoticias
La gobernacionlp entregÛ c·maras de desinfecciÛn y equipos de bioseguridad a 15 municipios, en la poblaciÛn de Konani. Fuente: Prensa GobernaciÛn "
BOL;REDES;19/05/2020;23:12:11;GOBIERNO;SANTA CRUZ;15;;;;OK;;COMPRA;Entregado;Lo˙ltimo.  Con la presencia de los Ministros de Salud, Gobierno y Presidencia se hicieron entrega 15 respiradores convencionales para terapia intensiva en el Hospital San Juan de Dios de Santa Cruz de la Sierra.  Los mismos estar·n destinados a pacientes afectados por Covid 19. 
BTV;REDES;19/05/2020;21:34:49;GOBIERNO;SANTA CRUZ;15;;;;OK;;COMPRA;Entregado;"#EnVivo 
Autoridades de Gobierno visitan el Hospital San Juan de Dios en #SantaCruz donde se entrega 15 respiradores convencionales. "
BTV;REDES;19/05/2020;13:48:45;PRIVADO;BENI;;;;OK;;;DONACION;Entregado;"La AsociaciÛn de Ganaderos entrega 600 dosis de ivermectina al Comando Policial de #Riberalta, realizando una desinfecciÛn masiva a 850 efectivos para hacer frente a esta pandemia. 
#Salud
"
BTV;REDES;19/05/2020;15:28:34;PRIVADO;COCHABAMBA;;;;OK;;;DONACION;Entregado;"La directora del RÈgimen Penitenciario de #Cochabamba, Pamela Su·rez, realizÛ la entrega de insumos de bioseguridad y limpieza, asÌ como alimentos secos al penal de San Sebasti·n para los privados de libertad.
#Salud
"
BTV;REDES;19/05/2020;17:44:16;PRIVADO;GOBIERNO;;2000000;;;;;DONACION;Entregado;"La Iglesia de Jesucristo de los Santos de los ⁄ltimos DÌas hace la entrega de donativos a GestiÛn Social de la Presidencia valuados en m·s de Bs. 2 millones. 
#Salud
"
UNI;REDES;19/05/2020;17:58:51;GOBIERNO;SANTA CRUZ;5;;;;OK;;COMPRA;Entregado;Cinco respiradores fueron entregados a la Caja Nacional de Salud en Santa Cruz
UNI;REDES;19/05/2020;20:06:21;GOBIERNO;POTOSI;;;;;;;COMPRA;Entregado;Entregan equipos de bioseguridad para Aapos en PotosÌ
BTV;REDES;21/05/2020;15:22:12;PRIVADO;SANTA CRUZ;;;;;;OK;DONACION;Entregado;"La brigada ""Avei"" realiza la entrega de trajes de bioseguridad al hospital San Juan de Dios de #SantaCruz en apoyo al personal de salud ante esta pandemia, como modo de prevenciÛn ante el #coronavirus.
#Salud
"
RAZ;REDES;21/05/2020;12:54:55;GOBIERNO;BENI;;;;OK;;;COMPRA;Entregado;La GobernaciÛn de #Beni entrega insumos de desinfecciÛn  a las Fuerzas Armadas para prevenir casos de #coronavirus. Fotos: abi_bolivia 
UNI;REDES;21/05/2020;19:08:19;GOBIERNO;SANTA CRUZ;30;;;;OK;;COMPRA;Entregado;Los 30 respiradores entregados a Santa Cruz no funcionan por falta de actualizaciÛn de software
BTV;REDES;22/05/2020;20:22:13;GOBIERNO;BENI;;;;OK;OK;;COMPRA;Entregado;"El Gobierno Nacional entregÛ equipos e insumos mÈdicos al Hospital Germ·n Busch, en #Trinidad, para fortalecer la atenciÛn a pacientes con #Covid19. 
"
BTV;REDES;22/05/2020;20:26:36;GOBIERNO;TARIJA;;;;OK;;;COMPRA;Entregado;"La SubgobernaciÛn de Cercado, #Tarija entrega de lote de ivermectina en c·psulas y gotas al Servicio Departamental de Salud. SÛlo para el uso de la unidad de epidemiologÌa. 
"
DEB;REDES;22/05/2020;03:27:31;GOBIERNO;SANTA CRUZ;;;;;OK;;COMPRA;Entregado;Son 30 los equipos que la semana pasada fueron entregados a la GobernaciÛn para que se distribuyan en el sistema de salud cruceÒo  
RAZ;REDES;22/05/2020;19:07:34;GOBIERNO;BENI;;;;;OK;;COMPRA;Entregado;"#EnDirecto
El Ministro de EnergÌa entrega un tomÛgrafo al Hospital Germ·n Busch de #Trinidad, para la lucha contra el coronavirus "
BTV;REDES;23/05/2020;22:09:52;GOBIERNO;BENI;;;;OK;OK;OK;COMPRA;Entregado;"El Gobierno nacional entregÛ el s·bado al departamento del #Beni equipamiento para terapia intensiva, medicamentos, insumos mÈdicos e Ìtems para el sector de salud del departamento.

#Salud  
"
MSA;REDES;23/05/2020;13:54:55;PRIVADO;GOBIERNO;VARIOS;;;OK;OK;;DONACION;Entregado;" Unilever entrega 20 ventiladores y 1.800 reactivos para detecciÛn de #COVID19 al Ministerio de Salud

Lee la nota completa en: "
RAZ;REDES;23/05/2020;22:46:31;GOBIERNO;BENI;;;;OK;OK;OK;COMPRA;Entregado;"#Beni
Camas de terapia intensiva completas, insumos, medicamentos, adem·s de profesionales de salud con sus respectivos Ìtems llegaron al aeropuerto de Trinidad
"
RAZ;REDES;23/05/2020;22:22:31;GOBIERNO;BENI;;;;;OK;;COMPRA;Entregado;"#Lo⁄ltimo
El Gobierno enviÛ este s·bado equipos de terapia intensiva a Trinidad, #Beni, una de las regiones m·s afectada por el #COVID19 "
RAZ;REDES;23/05/2020;22:16:57;GOBIERNO;BENI;;;;;OK;;COMPRA;Entregado;"#VideoNoticias
El ministro de la Presidencia, yerko_nunez, informa que este s·bado llegaron hasta Trinidad, #Beni, una de las regiones m·s afectadas por el #COVID19, equipos completos para terapia intensiva que incluyen camas, respiradores y monitores de control "
UNI;REDES;23/05/2020;20:29:40;GOBIERNO;BENI;;;;OK;OK;;COMPRA;Entregado;Entregan equipamiento mÈdico, Ìtems y medicamentos para el departamento del Beni
BOL;REDES;24/05/2020;15:06:59;GOBIERNO;BENI;;;;OK;OK;OK;COMPRA;Entregado;"Urgente
El Gobierno nacional entregÛ el s·bado en Trinidad equipamiento mÈdico para terapia intensiva, Ìtems y medicamentos para fortalecer el sistema de salud del departamento del Beni, uno de los m·s golpeados por la pandemia del coronavirus COVID19

"
BTV;REDES;24/05/2020;21:27:15;GOBIERNO;BENI;;;;OK;OK;;COMPRA;Entregado;"El ministro de la Presidencia, yerko_nunez, entregÛ el domingo equipamiento mÈdico, Ìtems y medicamentos para fortalecer el sistema de salud del municipio de #Riberalta del departamento del #Beni.
MinPresidencia 
"
BTV;REDES;24/05/2020;19:40:13;PRIVADO;BENI;;;;OK;;;DONACION;Entregado;"Un mÈdico junto a su esposa y un grupo de 20 personas entregan medicamentos gratis para el tratamiento contra el Covid19 a las familias trinitarias, en #Beni.
#BTVNoticias. "
RAZ;REDES;24/05/2020;20:42:17;GOBIERNO;BENI;;;;OK;OK;OK;COMPRA;Entregado;"#Beni
El Gobierno hizo la entrega de equipos elÈctricos, material de bioseguridad, medicamentos, insumos de limpieza, adem·s de  Ìtems y contratos en Riberalta. "
BTV;REDES;25/05/2020;20:22:13;GOBIERNO;BENI;;;OK;;;;COMPRA;Entregado;"El Colegio MÈdico de #SantaCruz instalÛ este lunes un centro de acopio para medicamentos e insumos de bioseguridad para apoyar en la emergencia sanitaria del #Beni. 
"
BTV;REDES;25/05/2020;20:52:37;GOBIERNO;CHUQUISACA;;35000000;;;;;DONACION;Entregado;"En su mensaje de felicitaciones a Chuquisaca por su aniversario 211, la presidenta Constitucional de #Bolivia, JeanineAnez , anunciÛ la entrega de Bs. 35 millones para la lucha contra el #coronavirus.

#Sociedad 
"
BTV;REDES;25/05/2020;19:58:39;PRIVADO;BENI;;;;OK;OK;OK;DONACION;Entregado;"La ABT junto a la C·mara Forestal iniciaron una campaÒa solidaria para ayudar al departamento del #Beni. Este miÈrcoles, 27 de mayo. enviar·n el primer lote de insumos de bioseguridad y camas para pacientes de Covid19.
"
MSA;REDES;25/05/2020;14:27:25;GOBIERNO;BENI;;;;OK;OK;;COMPRA;Entregado;" Una comisiÛn de cinco ministros de Estado, entre ellos, la ministra de Salud #EidyRoca arribÛ a #Trinidad con insumos, equipos  y 3 avionetas ambulancias para reforzar la atenciÛn a la emergencia por #COVID19 en #Beni. 
#QuedateEnCasa "
UNI;REDES;25/05/2020;11:33:00;COCHABAMBA;BENI;;;;;;OK;COMPRA;Entregado;Cochabamba: Colegio MÈdico enviar· kit de bioseguridad al Beni con aportes propios
UNI;REDES;25/05/2020;13:26:53;CBBA;BENI;;;;;;;DONACION;Entregado;Tres avionetas con ayuda de equipos y alimentos salen de Cochabamba al Beni
BTV;REDES;26/05/2020;15:29:35;PRIVADO;ALCALDIA;;;;OK;;;COMPRA;Entregado;"La F·brica Nacional de Cemento (Fancesa), de #Sucre, entregÛ insumos de bioseguridad a la GobernaciÛn de #Chuquisaca, los cuales ser·n distribuidos en los 29 municipios del departamento.
Inf. Nelson Duran  BTV
"
BTV;REDES;26/05/2020;21:09:19;ALCALDIA;TARIJA;;;;;;OK;DONACION;Entregado;"El Comando Departamental de la PolicÌa en #Tarija distribuyÛ este martes insumos de bioseguridad a todos sus efectivos policiales.
"
BTV;REDES;26/05/2020;16:47:20;PRIVADO;BENI;;;;;;OK;DONACION;Entregado;"La organizaciÛn de voluntariado ""Mano a Mano"" envÌa insumos de bioseguridad a #Trinidad desde #Cochabamba, y asÌ poder contar con los elementos necesarios para trabajar y luchar frente al #Covid_19.
"
RAZ;REDES;26/05/2020;14:06:27;GOBIERNO;COCHABAMBA;2;;;;OK;;COMPRA;Entregado;"#EnDirecto
El ministro de Gobierno, Arturo Murillo, informa que existen 141 efectivos policiales infectados con coronavirus en todo el paÌs, a tiempo de hacer entrega de una ambulancia al Comando de la PolicÌa de #Cochabamba, adem·s de un vehÌculo para que se transporten "
RAZ;REDES;26/05/2020;16:57:29;GOBIERNO;COCHABAMBA;;;;OK;;;COMPRA;Entregado;"#EnDirecto
El ministro de Gobierno, Arturo Murillo, participa de la entrega de insumos mÈdicos en #Cochabamba para luchar contra el #coronavirus. "
RAZ;REDES;26/05/2020;18:51:55;PRIVADO;CHUQUISACA;;;;;;OK;DONACION;Entregado;"#Sucre
La F·brica Nacional de Cemento  Fancesa entregÛ insumos de bioseguridad a la GobernaciÛn de #Chuquisaca, los cuales ser·n distribuidos en los 29 municipios del departamento. VÌa #BoliviaTV "
UNI;REDES;26/05/2020;00:54:06;GOBIERNO;SCZ;;;;;OK;;DONACION;Entregado;Entregaron donaciÛn para el Hospital JaponÈs y habilitar·n 78 Unidades de Terapia Intensiva
MSA;REDES;27/05/2020;17:35:35;GOBIERNO;BENI;;;;;;;COMPRA;Entregado;" La ministra #EidyRoca informa que 600 contratos ya fueron entregados para mÈdicos, especialistas, enfermeras y personal en salud en #Trinidad, #GuayaramerÌn y #Riberalta, principalmente.  
#QuedateEnCasa 
#UnidosPorLaSaludYLaVida "
MSA;REDES;27/05/2020;17:45:24;GOBIERNO;BENI;11;;OK;;OK;;COMPRA;Entregado;Min. #EidyRoca: úHasta ahora se entregÛ 11 equipos completos convencionales para UTI, con camas especiales, pantallas de control y respiradores, un ecÛgrafo y tomÛgrafo que no se tenÌa en #Beni, se habilitÛ un hospital militar de campaÒa con camas y tres ambulancias aÈreasù. 
RAZ;REDES;27/05/2020;17:18:03;GOBIERNO;BENI;VARIOS;;;OK;OK;;COMPRA;Entregado;"
La Ministra de Salud dice que se entregaron 11 equipos de terapia intensiva en #Beni, se habilitÛ un hospital de campaÒa con 160 camas y la operaciÛn de 3 avionetas ambulancias para trasladar pacientes. ""Se trata de la movilizaciÛn m·s grande del paÌs"", seÒala "
RAZ;REDES;28/05/2020;17:11:17;SANTA CRUZ;BENI;;;OK;OK;;OK;DONACION;Entregado;"#EnDirecto
La ayuda recaudada en #SantaCruz, para el departamento del #Beni, parte en un primer camiÛn; entre los insumos se incluyen 20 camas quir˙rgicas y medicamentos "
RAZ;REDES;28/05/2020;14:34:59;CHINA;SANTA CRUZ;;;;;;OK;DONACION;Entregado;"#ENDirecto
Santa Cruz recibe equipos de bioseguridad de China. "
BTV;REDES;29/05/2020;16:46:03;GOBIERNO;PANDO;;;;;;OK;COMPRA;Entregado;"Desde el Gobierno Municipal de #Cobija se entregÛ insumos de bioseguridad para la policÌa de la regiÛn, que dÌa a dÌa sale a las calles para controlar el cumplimiento de la cuarentena. 
"
BTV;REDES;29/05/2020;13:05:47;ALCALDIA;COCHABAMBA;;;;OK;;OK;COMPRA;Entregado;"El comando departamental de #Cochabamba realiza la entrega de insumos de bioseguridad como barbijos, alcohol en gel y productos de aseo a efectivos para fortalecer la InstituciÛn Verde Olivo en la lucha contra el #coronavirus.
#Salud
"
DEB;REDES;29/05/2020;02:10:14;ALCALDIA;COCHABAMBA;1;2000000;;;OK;;COMPRA;Entregado;"TambiÈn puedes leer:

 Quillacollo gestiona la compra de un horno para cremar fallecidos del coronavirus que cuesta Bs 2.000.000 ª "
RAZ;REDES;29/05/2020;16:54:32;LA PAZ;BENI;;;;OK;OK;;DONACION;Entregado;"
Llega otro aviÛn con insumos mÈdicos y personal de salud a #Trinidad "
UNI;REDES;29/05/2020;11:56:55;GOBIERNO;LA PAZ;;;;;OK;;COMPRA;Entregado;Instalan equipos para albergue por casos Covid en un colegio de Alto San Pedro
BTV;REDES;30/05/2020;20:46:54;GOBIERNO;SANTA CRUZ;1;;OK;;;;COMPRA;Entregado;"#Salud 
Autoridades de Gobierno entregaron a la GobernaciÛn de #SantaCruz el hospital de Montero el s·bado, que podr· atender· a pacientes con coronavirus hasta en un m·ximo de 72 horas, como lo anunciÛ el ministro de Gobierno, Arturo Murillo.
"
BTV;REDES;30/05/2020;16:04:28;GOBIERNO;BENI;;;;;OK;;COMPRA;Entregado;"Con el objetivo de apoyar al sector de salud en #Beni, el Gobierno central realizÛ la entrega de tanques mÛviles de oxÌgeno en #Trinidad, desde donde se podr· hacer la distribuciÛn a distintos sectores del departamento. 
"
MSA;REDES;30/05/2020;19:14:20;GOBIERNO;BENI;32;;OK;;;;COMPRA;Entregado;" Ministra #EidyRoca: ""El Hospital de 3er Nivel #Montero tiene capacidad de 200 camas, pero la entrega inicial se est· haciendo con 32 camas con toda la instalaciÛn de terapia intensiva"".

Unidos por la salud y la vida

#TeCuidasMeCuido
#DependeDeTi "
RAZ;REDES;30/05/2020;15:43:07;GOBIERNO;BENI;;;;;OK;;COMPRA;Entregado;"#EnDirecto
El Gobierno entrega tanques de oxÌgeno mÛviles en #Trinidad, #Beni, los mismos que ser·n distribuidos a los diferentes municipios. "
RAZ;REDES;30/05/2020;19:50:30;GOBIERNO;BENI;;;;OK;OK;;COMPRA;Entregado;"#EnDirecto
El Ministro de la Presidencia entrega un respirador y otros insumos mÈdicos al Hospital de San Borja, en #Beni. El director de ese nosocomio invita a los mÈdicos anestesiÛlogos que deseen ir a trabajar a esa regiÛn, ya que cuentan con un Ìtem otorgado por el Gobierno "
UNI;REDES;30/05/2020;23:47:08;GOBIERNO;BENI;;;OK;;;;COMPRA;Entregado;Dos domos son entregados en Trinidad para la atenciÛn de casos de coronavirus
UNI;REDES;30/05/2020;23:13:52;GOBIERNO;BENI;;;;;;;COMPRA;Entregado;El Gobierno entra equipos de bioseguridad, medicamentos e Ìtems a San Borja
BTV;REDES;31/05/2020;01:15:14;LA PAZ;BENI;;;;;OK;;DONACION;Entregado;"En minutos te resumimos el recorrido que realizaron las 10 ambulancias que partieron de #LaPaz el pasado jueves y que hoy llegaron a Trinidad para reforzar el equipo de salud en #Beni, tierra que hoy enfrenta un n˙mero elevado de casos de #coronavirus.
"
RAZ;REDES;31/05/2020;21:11:36;GOBIERNO;BENI;;;;OK;OK;OK;COMPRA;Entregado;Un aviÛn con 6.2 toneladas de insumos y medicinas llegÛ este domingo a #Trinidad para ser distribuido en San Borja, GuayaramerÌn y el Centro de Aislamiento #COVID19, informÛ el ministro de Defensa, Fernando LÛpez. VÌa mincombolivia 
UNI;REDES;31/05/2020;00:08:36;GOBIERNO;SCZ;;;;;;;COMPRA;Entregado;Entregan Hospital de tercer nivel en Montero, tiene capacidad para 200 camas
RAZ;REDES;01/06/2020;16:08:31;GOBIERNO;COCHABAMBA;;;;;;OK;COMPRA;Entregado;"
El ministro de Trabajo, ”scar Mercado, hace entrega de equipos de bioseguridad a once municipios de #Cochabamba. "
RAZ;REDES;02/06/2020;13:12:14;GOBIERNO;COCHABAMBA;;;;;;;COMPRA;Entregado;"#VideoNoticias
La gobernadora de #Cochabamba, Esther Soria, entrega un lote de insumos al municipio de Colomi y anuncia la transferencia de recursos a travÈs de un convenio. "
BTV;REDES;03/06/2020;20:27:15;ALCALDIA;ORURO;;;OK;;OK;;COMPRA;Entregado;"El director del Sedes #Oruro, Henry Tapia, informÛ que se prevÈ la entrega de la unidad de terapia intensiva del Hospital General de la capital orureÒa sea el lunes, centro que contar· con 21 camas.

#Salud 
"
BTV;REDES;04/06/2020;18:41:42;GOBIERNO;POTOSI;;;;OK;;;DONACION;Entregado;"El Ministerio de Salud entregÛ reactivos a #PotosÌ para pruebas de #coronavirus en laboratorios GeneXpert para poder realizar detecciones r·pidas del #Covid19.

#Salud 
"
BTV;REDES;04/06/2020;13:37:01;ALCALDIA;BENI;100;;;OK;;;COMPRA;Entregado;"La GobernaciÛn del #Beni hace la entrega de 100 tubos de oxÌgeno al hospital centinela en #Riberalta, para la atenciÛn de pacientes ante la emergencia sanitaria. Atendiendo las necesidades de los mÈdicos que se encuentran en primera lÌnea ante esta pandemia.
#Salud
"
DEB;REDES;04/06/2020;01:27:45;PRIVADO;SANTA CRUZ;;;OK;;OK;;COMPRA;Entregado;"El centro hospitalario cuenta con 34 camas y terapia intensiva con 12 camas. La empresa constructora Makiber es la responsable de la edificaciÛn de la obra, cuya entrega est· prevista para noviembre de este aÒo, seg˙n la firma del contrato
"
DEB;REDES;04/06/2020;00:03:03;ALCALDIA;LA PAZ;;;;OK;;OK;DONACION;Entregado;Una brigada con cuatro mÈdicos, remedios, equipos de bioprotecciÛn y vÌveres se trasladÛ hasta el municipio indÌgena  
RAZ;REDES;04/06/2020;16:47:14;GOBIERNO;ORURO;800;;;OK;;;DONACION;Entregado;"#EnDirecto
#Oruro recibe 800 reactivos para el laboratorio que realiza pruebas del #COVID19, estiman que tras realizar algunos ensayos experimentales, desde el lunes pueda entrar en funcionamiento "
RAZ;REDES;04/06/2020;15:09:14;GOBIERNO;POTOSI;800;;;OK;;;DONACION;Entregado;"
El Gobierno entrega 800 reactivos para el laboratorio que realiza las pruebas de coronavirus en #PotosÌ, similar entrega se har· en 15 dÌas "
RAZ;REDES;04/06/2020;12:48:09;ALCALDIA;BENI;100;;;;;;COMPRA;Entregado;"#EnDirecto
La GobernaciÛn del #Beni entrega 100 tanques de oxÌgeno al Hospital Centinela de #Riberalta, y una cantidad similar enviÛ al municipio de GuayaramerÌn "
BTV;REDES;05/06/2020;13:17:43;PRIVADO;POBLACION;;;;;;OK;COMPRA;Entregado;"El gerente tÈcnico de EMSA de #Cochabamba, MoisÈs Atue, dota de equipos de bioseguridad a personal que trabaja en el recojo de la basura con las medidas sanitarias adecuadas debido a que constantemente est·n expuestos al virus.
#Salud
"
MSA;REDES;05/06/2020;13:34:00;GOBIERNO;ORURO / POTOSI;1600;;;OK;;;COMPRA;Entregado;" #Laboratorios GeneXpert de PotosÌ y Oruro recibieron 1.600 reactivos para toma de pruebas #COVID19

Lee la nota completa en: "
RAZ;REDES;05/06/2020;00:32:11;GOBIERNO;SANTA CRUZ;;;;;;;COMPRA;Entregado;"Personal del Sedes de Santa Cruz trasladan insumos y medicamentos al hospital para que empiece a prestar servicios en las prÛximas horas. Inicialmente se atender· solo a pacientes con sÌntomas leves
"
RAZ;REDES;06/06/2020;17:49:41;GOBIERNO;BENI;;;;OK;OK;;COMPRA;Entregado;"#Bolivia
El ministro de la Presidencia, Yerko N˙Òez informÛ este s·bado que se realizÛ la entrega de 700 pruebas para detectar #COVID19, 22 toneladas de alimentos y equipos para reforzar las brigadas mÈdicas en GuayaramerÌn, #Beni. "
BTV;REDES;07/06/2020;01:23:05;GOBIERNO;BENI;;;;;;OK;COMPRA;Entregado;" El ministro de la Presidencia, Yerko N˙Òez, entregÛ ocho Ìtems en salud e insumos de bioseguridad para el municipio de #GuayaramerÌn. 
"
BTV;REDES;07/06/2020;21:39:50;GOBIERNO;LA PAZ;;;;;;OK;COMPRA;Entregado;"El ministro de Obras P˙blicas, Iv·n Arias, entregÛ este domingo insumos de bioseguridad al municipio de Caquiaviri, en #LaPaz, para que sean distribuidos en sus centros de salud y resaltÛ la buena atenciÛn y equipamiento en sus hospitales.
"
BTV;REDES;07/06/2020;19:46:30;TAIWAN;SANTA CRUZ;10;;;;OK;;DONACION;Entregado;"La fundaciÛn Tzu Chi de #Taiw·n entregÛ 10 respiradores e insumos al Gobierno Municipal de #SantaCruz para que sean distribuidos a los hospitales.
"
BTV;REDES;08/06/2020;14:24:24;ALCALDIA;TARIJA;;;;;;OK;COMPRA;Entregado;"Con el objetivo de proteger a los efectivos policiales, desde el Comando Departamental de la PolicÌa de #Tarija entrega material de bioseguridad. 
"
BTV;REDES;08/06/2020;12:34:17;GOBIERNO;COCHABAMBA;;;;OK;;;COMPRA;Entregado;"La ministra de Medio Ambiente y Agua, MarÌa Elva Pinckert, informÛ que se llevan medicamentos a cinco comunidades vulnerables del Tipnis para que cuenten con insumos por si llegara a presentarse alg˙n caso de #coronavirus.
#Salud
"
UNI;REDES;08/06/2020;17:49:43;ALCALDIA;SANTA CRUZ;;;OK;;;;COMPRA;Entregado;AlcaldÌa cruceÒa entrega centro de salud para atender policÌas con Covid
SICOES;ESTATAL;17/03/2020;;Gobierno Autonomo Municipal De Quillacollo;COCHABAMBA;;;;;;OK;CM;Contratado;Compra Urgente De Material De Bioseguridad Covid-19 Para El Personal Del Hospital Dr. Benigno Sanchez De Quillacollo
SICOES;ESTATAL;26/03/2020;;Gobierno Autonomo Regional Del Gran Chaco;TARIJA;;;;OK;OK;;CM;Contratado;Adquisicion De Instrumental Medico, Insumos Y Equipamiento Medico Para La Sala De Aislamiento En El Hospital Fray Quebracho Para La Prevencion, Control Y Atencion Del Coronavirus (Covid-19)
SICOES;ESTATAL;01/04/2020;;Gobierno Autonomo Municipal De Quillacollo;COCHABAMBA;;;;;;OK;CM;Contratado;Compra De Barbijos Descartables Por Emergencia Para Prevencion Del Covid-19 Para El Hospital Benigno Sanchez
SICOES;ESTATAL;06/04/2020;;Gobierno Autonomo Regional Del Gran Chaco;TARIJA;;;;;OK;;CM;Contratado;Adquisicion De 8 Camas Hospitalarias De Dos Movimientos Para La Sala De Aislamiento Del Hospital Fray Quebracho Para La Prevencion, Control Y Atencion Del Coronavirus (Covid - 19)
SICOES;ESTATAL;06/04/2020;;Gobierno Autonomo Municipal De Villamontes;TARIJA;;;;OK;;;CM;Contratado;Adqusicion De Emergencia De Insumos Medicos Coronavirus Covid - 19 Gestion 2020 Municipio De Villa Montes
SICOES;ESTATAL;06/04/2020;;Gobierno Autonomo Regional Del Gran Chaco;TARIJA;;;;;OK;;CM;Contratado;Adquisicion De 7 Camas Hospitalarias De Dos Movimientos Para La Sala De Aislamiento Del Hospital Fray Quebracho Para La Prevencion, Control Y Atencion Del Coronavirus (Covid - 19)
SICOES;ESTATAL;07/04/2020;;Gobierno Autonomo Municipal De Huanuni (Villa Huanuni);ORURO;;;;;;OK;CM;Contratado;Adquisicion De Material De Insumos De Prevencion Covid - 19 Mascarillas, Guantes, Mandil, Juegos De Bata Gorra Y Barbijo, Jabon Liquido, Bolsa De Plastico Y Alcohol En Gel
SICOES;ESTATAL;08/04/2020;;Gobierno Autonomo Municipal De Tupiza;POTOSI;;;;OK;;;CM;Contratado;Insumos Para Establecimientos De Salud Del G.A.M.T. Prevencion Covid - 19
SICOES;ESTATAL;08/04/2020;;Gobierno Autonomo Municipal De Quillacollo;COCHABAMBA;;;;;;OK;CM;Contratado;Compra De Material De Bioseguridad Covid -19 Coronavirus Para Los Diferentes Centros De Salud De Primer Nivel
SICOES;ESTATAL;09/04/2020;;Gobierno Autonomo Municipal De Santisima Trinidad;BENI;;;;OK;;;CD;Contratado;Adquisicion De Insumos Medicos D.S. N„?¬∞ 4174 (Emergencia De Salud Publica De Importancia Internacional Provocadas Por El Coronavirus Covid-19) Municipio De Trinidad Gestion 2020
SICOES;ESTATAL;13/04/2020;;Gobierno Autonomo Municipal De La Asunta;LA PAZ;;;;;;OK;CM;Contratado;"Prevencion, Control Y Atencion Del Coronavirus ""Adquisici„?N De Batas Descartables, Guantes De Nitrilo Y Cubre Botas Desechables Para Atenci„?N Del Coronavirus (Covid-19), Primera Compra, Gesti„?N 2020?"
SICOES;ESTATAL;13/04/2020;;Gobierno Autonomo Municipal De La Asunta;LA PAZ;;;;;;OK;CM;Contratado;"Prevencion, Control Y Atencion Del Coronavirus ""Adquisicion De Mamelucos De Bioseguridad, TermÚmetros Infrarrojos, Gorros Desechables Y Purificador De Aire Para AtenciÚn Del Coronavirus (Covid-19), Primera Compra, GestiÚn 2020?"
SICOES;ESTATAL;14/04/2020;;Gobierno Autonomo Municipal De Vinto;COCHABAMBA;;;;;;OK;CM;Contratado;Compra De Desinfectante Para Pisos Y Paredes Para Centros De Salud Y Hospital Municipal Vinto Para La Pandemia Covid - 19
SICOES;ESTATAL;14/04/2020;;Gobierno Autonomo Municipal De Vinto;COCHABAMBA;;;;;;OK;CM;Contratado;Compra De Desinfectantes Para Centros De Salud Y Hospital Municipal Vinto Para La Pandemia Covid-19
SICOES;ESTATAL;14/04/2020;;Gobierno Autonomo Municipal De El Puente - Trj;TARIJA;;;;;;OK;CM;Contratado;Adquisicion De Equipos E Insumos De Bioseguridad Para El Control Y Prevencion Del (Covid-19) - Municipio El Puente
SICOES;ESTATAL;15/04/2020;;Gobierno Autonomo Municipal De La Asunta;LA PAZ;;;;;OK;;CM;Contratado;"PrevenciÛn, Control Y Atencion Del Coronavirus ""Adquisicion De Equipos Y Material De Limpieza, Para PrevenciÚn Del Coronavirus (Covid-19), Primera Compra, GestiÚn 2020?"
SICOES;ESTATAL;15/04/2020;;Gobierno AutÛnomo Departamental De Cochabamba;COCHABAMBA;;;;;;OK;CD;Contratado;Adquisicion De Guantes Y Gorros Para La Atencion De Covid 19
SICOES;ESTATAL;15/04/2020;;Gobierno AutÛnomo Departamental De PotosÌ;POTOSI;;;;;;OK;CD;Contratado;"""Primera Compra De Material De Limpieza Y Productos Quimicos Y Farmaceuticos (Barbijos, Guantes Quirurgicos, Gorros Desechables, Sanitizador Alcohol En Gel De 400 Grs) Para La Primera Quincena Del Mes De Abril Y La Prevencion Del Coronavirus Covid-19"""
SICOES;ESTATAL;15/04/2020;;Gobierno AutÛnomo Departamental De PotosÌ;POTOSI;;;;;OK;;CD;Contratado;"""Adquisicion De Herramienta (Motofumigadora) Para La Prevencion De La Emergencia Sanitaria Covid-19"""
SICOES;ESTATAL;17/04/2020;;Gobierno Autonomo Municipal De El Puente - Trj;TARIJA;;;;;;OK;CM;Contratado;Adquisicion De Trajes De Bioseguridad Para El Control Y Prevencion Del (Covid-19) - Municipio El Puente
SICOES;ESTATAL;17/04/2020;;Gobierno Autonomo Municipal De El Puente - Trj;TARIJA;;;;;;OK;CM;Contratado;Dotacion De Equipos De Bioseguridad Para El Control Y Prevencion Del (Covid-19) Municipio El Puente
SICOES;ESTATAL;18/04/2020;;Gobierno AutÛnomo Departamental De Cochabamba;COCHABAMBA;;;;OK;;;CD;Contratado;Adquisicion De Insumos Para La Atencion De Pacientes Con Covid 19 (Mameluco, Batas Antideslizantes)
SICOES;ESTATAL;19/04/2020;;Gobierno AutÛnomo Departamental De Cochabamba;COCHABAMBA;;;;;OK;;CM;Contratado;Adquisicion De Circuito Cerrado P/Aspircion Traqueal Adulto D/14fr Libre De/Latex-Covidien (444spo1114) Para El Almacen De Farmacia Del Hospital Clinico Viedma
SICOES;ESTATAL;20/04/2020;;Direccion Administrativa Y Financiera - Organo Judicial - Oruro;ORURO;;;;;OK;;CD;Contratado;Camaras De Desinfeccion Para El Organo Judicial Oruro Para Prevencion Del Covid-19
SICOES;ESTATAL;21/04/2020;;Gobierno Autonomo Municipal De Sipe Sipe;COCHABAMBA;;;;;;OK;CM;Contratado;Compra De Materiales E Insumos De Bioseguridad Para La Prevencion Del Coronavirus (Covid-19)
SICOES;ESTATAL;21/04/2020;;Gobierno Autonomo Municipal De Sacaba;COCHABAMBA;;;;;;OK;OF;Contratado;Prevencion, Control Y Atencion Del Coronavirus (Adquisicion De Barbijos Y Mamelucos Enterizos Para La Prevencion Contra El Covid-19)
SICOES;ESTATAL;21/04/2020;;Gobierno Autonomo Municipal De Sacaba;COCHABAMBA;;;;;;OK;OF;Contratado;Prevencion, Control Y Atencion Del Coronavirus (Adquisicion De Ropa De Proteccion Contra El Covid-19)
SICOES;ESTATAL;21/04/2020;;Gobierno Autonomo Municipal De Sacaba;COCHABAMBA;;;;;OK;;OF;Contratado;Adquisicion De Alcohol En Gel Para Prevencion Del Covid-19
SICOES;ESTATAL;21/04/2020;;Gobierno Autonomo Municipal De Mizque;COCHABAMBA;;;;OK;;;CD;Contratado;Compra De Insumos Para Barreras De Proteccion Contra El Covid-19
SICOES;ESTATAL;21/04/2020;;Gobierno AutÛnomo Departamental De PotosÌ;POTOSI;;;;;;OK;CD;Contratado;Compra Material De Limpieza (Lavandina Bote De 5lt.), Sanitizador En Gel (Bote De 360 Grs.), Alcohol En Gel (Bote De 5 Lt.) Y Otros Para La Prevencion De La Emergencia Sanitaria Covid -19
SICOES;ESTATAL;23/04/2020;;Gobierno Autonomo Municipal De Guayaramerin;BENI;;;;OK;;;CM;Contratado;Compra De Productos Quimicos Y Farmaceuticos (Insumos Medicos) Para Los Establecimientos De Salud De 1er Y 2do Nivel Promocion Y Prevencion Covid - 19 Correspondiente A La Gestion 2020
SICOES;ESTATAL;23/04/2020;;Gobierno Autonomo Municipal De La Asunta;LA PAZ;;;;;;OK;CM;Contratado;"Prevencion, Control Y Atencion Del Coronavirus ""Adquisicion De Barbijo N∫ 95, Protector Facial Y Guantes De Nitrilo Para AtenciÚn Del Coronavirus (Covid-19), GestiÚn 2020?"
SICOES;ESTATAL;23/04/2020;;Gobierno Autonomo Municipal De Santisima Trinidad;BENI;;;;;OK;;EM;Contratado;Adquisicion De Aires Acondicionados Y Heladeras Para El Centro Centinela Conforme A La Ley Que Declara Prioridad Municipal La Lucha Contra El Corona Virus - Covid-19
SICOES;ESTATAL;23/04/2020;;Gobierno Autonomo Municipal De La Asunta;LA PAZ;;;;;OK;;CD;Contratado;"PrevenciÛn, Control Y AtenciÚn Del Coronavirus ""AdquisiciÛn De Mobiliario Y Equipamiento MËdico Para AtenciÛn Del Coronavirus (Covid-19), Primera Compra, GestiÛn 2020"""
SICOES;ESTATAL;23/04/2020;;Servicio Departamental De Salud Chuquisaca;CHUQUISACA;;;;;;OK;CD;Contratado;Adquisicion De Ropa De Trabajo Para El Fortalecimiento De Capacidades De Las Redes De Salud Para La Atencion De Pacientes Con Sospecha Del Coronavirus Covid - 19
SICOES;ESTATAL;23/04/2020;;Gobierno Autonomo Municipal De Santisima Trinidad;BENI;;;;;OK;;EM;Contratado;Adquisicion De Equipamiento Medico Y De Laboratorio Ley Que Declara Prioridad Municipal La Lucha Contra El Coronavirus - Covid 19 En El Municipio De Trinidad
SICOES;ESTATAL;23/04/2020;;Gobierno Autonomo Municipal De El Puente - Trj;TARIJA;;;;OK;;;CM;Contratado;Aquisicion De Productos Quimicos, Material De Limpieza E Higiene Para Puestos De Salud Y Puestos De Control Para La Prevencion Del (Covid-19) - Municipio El Puente
SICOES;ESTATAL;23/04/2020;;Gobierno Autonomo Municipal De Uriondo (Concepcion);TARIJA;;;;;OK;;CM;Contratado;Prevencion ,Control Y Atencion Al Coronavirus -Material Mobiliario Para Centro De Aislamiento Para Centro De Aislamiento Para Paciente Sospechosos Del Covid -19
SICOES;ESTATAL;24/04/2020;;Gobierno Autonomo Municipal De Carapari;TARIJA;;;OK;;;;CM;Contratado;Mantenimiento Insfraestructura De Salud 2da Seccion (Mantenimiento Y Acondicionamiento Hospital Virgen De Guadalupe Area Para Pacientes Covid-19)
SICOES;ESTATAL;24/04/2020;;Gobierno Autonomo Municipal De Villamontes;TARIJA;;;;;OK;;CD;Contratado;Adquisicion De Camas De Internacion Para El Centro De Observacion Por Coronavirus Covid - 19 Municipio De Villa Montes
SICOES;ESTATAL;24/04/2020;;Gobierno Autonomo Municipal De Santa Cruz De La Sierra;SANTA CRUZ;;;;OK;;;CD;Contratado;Cd N„??√?¬∞03/2020 Adquisicion De Insumos Para La Atencion De La Emergencia Por Coronavirus Covid-19 En Hospitales Y Redes De Salud - Sms
SICOES;ESTATAL;27/04/2020;;Direccion Administrativa Y Financiera - Organo Judicial - Chuquisaca;CHUQUISACA;;;;;;OK;CM;Contratado;Adquisicion De Material De Limpieza Para Prevencion De La Epidemia Covid 19 (Coronavirus) Para El Tribunal Departamental De Justicia De Chuquisaca
SICOES;ESTATAL;27/04/2020;;Ministerio De Salud;POBLACION;;;;;OK;;CD;Contratado;Adquisicion De Camillas De Transporte Para La Emergencia De Covid -19
SICOES;ESTATAL;27/04/2020;;Ministerio De Salud;POBLACION;;;;;OK;;CD;Contratado;Adquisicion De Desfibrilador Bifasico Para La Emergencia DeÒcovid - 19
SICOES;ESTATAL;27/04/2020;;Gobierno Autonomo Municipal De Yacuiba;TARIJA;;;;OK;;;CD;Contratado;Adquisicion De Productos Quimicos Y Farmaceuticos Para Los 26 Centros De Salud De Primer Nivel Para Prevenir El Covid-19 Perteneciente Al Gobierno Municipal
SICOES;ESTATAL;27/04/2020;;Ministerio De Salud;POBLACION;;;;;;OK;CD;Contratado;AdquisiciÛn De Lentes De ProtecciÛn Antiparras Reutilizable Para La Emergencia Covid - 19
SICOES;ESTATAL;27/04/2020;;Ministerio De Salud;POBLACION;;;;;OK;;CD;Contratado;Adquisicion De Desfibrilador Para La Emergencia De Covid - 19
SICOES;ESTATAL;27/04/2020;;Gobierno Autonomo Municipal De Potosi;POTOSI;;;;;;OK;CD;Contratado;Adquisicion De Ropa De Bioseguridad Para El Equipo De Desinfeccion Y Fumigacion Del Gamp. Por Covid - 19 (Zoonosis) - Prevencion Control Y Atencion Del Coronavirus
SICOES;ESTATAL;27/04/2020;;Gobierno Autonomo Municipal De Yacuiba;TARIJA;;;;;;OK;CD;Contratado;Adquisicion De Material De Limpieza E Higiene Para El Hospital Municipal Dr Ruben Zelaya Para Prevenir El Covid-19
SICOES;ESTATAL;27/04/2020;;Ministerio De Salud;POBLACION;;;;;OK;;CD;Contratado;Adquisicion De Tubos De Oxigeno Para La Emergencia De Covid 19
SICOES;ESTATAL;27/04/2020;;Ministerio De Salud;POBLACION;;;;;;OK;CD;Contratado;Adquisicion De Guantes De Latex De Nitrilo Para La Emergencia De Covid - 19
SICOES;ESTATAL;27/04/2020;;Gobierno Autonomo Municipal De Yacuiba;TARIJA;;;;OK;;;CD;Contratado;Adquisicion De Productos Quimicos Y Farmaceuticos Para Dotar A Las Instituciones Publicas Para Prevenir El Covid-19 Perteneciente Al Gobierno Municipal
SICOES;ESTATAL;27/04/2020;;Gobierno Autonomo Municipal De Yacuiba;TARIJA;;;;;OK;;CD;Contratado;Adquisicion De Instrumental Menor Medico Quirurgico Para El Hospital Municipal Dr Ruben Zelaya Para Prevenir El Covid -19
SICOES;ESTATAL;27/04/2020;;Gobierno Autonomo Municipal De Yacuiba;TARIJA;;;;;OK;;CD;Contratado;Adquisicion De Instrumental Menor Quirurgico Para La Dotacion De Los Puntos De Control Para El Covid-19 Dependiente De Secretaria Municipal De Salud
SICOES;ESTATAL;27/04/2020;;Gobierno Autonomo Municipal De Yacuiba;TARIJA;;;;OK;;;CD;Contratado;Adquisicion De Productos Quimicos Y Farmaceuticos Para Dotar A Los Puntos Fijos De Control Para Prevenir El Covid-19 Perteneciente Al Gobierno Municipal
SICOES;ESTATAL;28/04/2020;;Ministerio De Salud;POBLACION;;;;;OK;;CD;Contratado;Adquisicion De Tubos De Oxigeno `Para La Emergencia De Covid 19
SICOES;ESTATAL;28/04/2020;;Gobierno Autonomo Municipal De Villamontes;TARIJA;;;;;OK;;CD;Contratado;Adquisicion De Equipo Medico (Bomba De Infucion) Para Atencion De Pacientes Del Coronavirus Covid - 19
SICOES;ESTATAL;28/04/2020;;Gobierno Autonomo Municipal De Colcapirhua;COCHABAMBA;;;;;;OK;CD;Contratado;Adquisicion De Suministro De Bioseguridad Como Medios De Prevencion Contra La Pandemia De Coronavirus Covid-19 Para La Red Municipal
SICOES;ESTATAL;28/04/2020;;Gobierno AutÛnomo Departamental De Pando;PANDO;;;;;;OK;CD;Contratado;AdquisiciÛn De Insumos De Bioseguridad,Para AtenciÛn De Emergencia.Centro De Referencia(Covid-19)
SICOES;ESTATAL;28/04/2020;;Gobierno AutÛnomo Departamental De PotosÌ;POTOSI;;;;;;OK;CD;Contratado;"""Compra Material De Limpieza (Alcohol En Gel De 350 Ml) Para La Prevencion De La Emergencia Sanitaria Covid-19"""
SICOES;ESTATAL;28/04/2020;;Gobierno Autonomo Municipal De Yacuiba;TARIJA;;;;OK;;;CD;Contratado;Adquisicion De Productos Quimicos Y Farmaceuticos Para El Hospital Municpal Dr Ruben Zelaya Para Preveneri El Covid-19
SICOES;ESTATAL;28/04/2020;;Gobierno AutÛnomo Departamental De PotosÌ;POTOSI;;;;;;OK;CD;Contratado;"""Compra Productos Quimicos Y Farmaceuticos (Barbijos Desechables, Guantes Descartables Y Alcohol Medicinal) Para La Prevencion De La Emergencia Sanitaria Covid-19"""
SICOES;ESTATAL;29/04/2020;;Gobierno Autonomo Municipal De Santa Cruz De La Sierra;SANTA CRUZ;;;;;;OK;CM;Contratado;Adquisicion De Uniforme De Bioseguridad Epp (Equipo De Proteccion Personal), Bata De Seguridad Y Overol De Proteccion Por La Pandemia Covid 19 Para El Personal Del Concejo Municipal De Santa Cruz De La Sierra Gestion 2020
SICOES;ESTATAL;29/04/2020;;Gobierno Autonomo Municipal De Guayaramerin;BENI;;;;;OK;;EM;Contratado;Compra De Equipos Medicos (Respiradores) Para La Sal De Salud De Aislamiento Del Covid - 19 En El Municipio De Guayaramerin Correspondiente A La Gestion 2020
SICOES;ESTATAL;29/04/2020;;Gobierno Autonomo Municipal De Vinto;COCHABAMBA;;;;;OK;;CD;Contratado;Adquisicion De Equipos Medicos Para El Hospital Municipal De Vinto, Para Afrontar La Emergencia Sanitaria, Por La Pandemia Covid-19
SICOES;ESTATAL;29/04/2020;;Gobierno AutÛnomo Departamental De Cochabamba;COCHABAMBA;;;;;;OK;CD;Contratado;Adquisicion De Barbijo N 95 Para La Atencion De Pacientes Covid 19 (1ra Compra)
SICOES;ESTATAL;29/04/2020;;Gobierno AutÛnomo Departamental De Cochabamba;COCHABAMBA;;;;;;OK;CD;Contratado;Adquisicion De Alcohol En Gel Y Gafas De Proteccion Para Atencion De Pacientes Covid 19
SICOES;ESTATAL;29/04/2020;;Comando General Del Ejercito;POBLACION;;;;;;OK;CM;Contratado;Adquisici„?N De Material De Limpieza Y Y Protecci„?N Para El Apoyo En Las Medidas De Bioseguridad Para El Personal Que Realiza El Patrullaje Contra El Covid-19
SICOES;ESTATAL;29/04/2020;;Gobierno AutÛnomo Departamental De Cochabamba;COCHABAMBA;;;;;OK;;CD;Contratado;Compra De Material Medico (Tensiometro Y Fonendoscopio) Para La Atencion De Pacientes Con Covid 19
SICOES;ESTATAL;29/04/2020;;Gobierno AutÛnomo Departamental De Cochabamba;COCHABAMBA;;;;;;OK;CD;Contratado;Adquisicion De Barbijo N 95 Para La Atencion De Pacientes Covid 19 (2da Compra)
SICOES;ESTATAL;29/04/2020;;Gobierno AutÛnomo Departamental De Cochabamba;COCHABAMBA;;;;OK;;;CD;Contratado;Adquisicion De Insumos Para La Atencion De Pacientes Con Covid 19 (Guantes De Nitrilo Manga Larga, Escudoo Facial, Gafas De Proteccion Ocular)
SICOES;ESTATAL;29/04/2020;;Gobierno AutÛnomo Departamental De Cochabamba;COCHABAMBA;;;;;OK;;CD;Contratado;Adquisicion De Cabina De Flujo Laminar Para La Atencion De Pacientes Covid19
SICOES;ESTATAL;29/04/2020;;Gobierno AutÛnomo Departamental De Cochabamba;COCHABAMBA;;;;;OK;;CD;Contratado;Adquisicion De Oximetro De Pulso Para Atencion De Pacientes Covid 19
SICOES;ESTATAL;29/04/2020;;Gobierno Autonomo Municipal De Yacuiba;TARIJA;;;;OK;;;CD;Contratado;Adquisicion De Productos Quimicos Y Farmaceuticos Para Abastecer Almacen De La Secretaria De Salud Para Prevenir El Covid-19 Perteneciente Al Gobierno Autonomo Municpal De Yacuiba
SICOES;ESTATAL;30/04/2020;;Gobierno Autonomo Municipal De Potosi;POTOSI;;;;;;OK;CM;Contratado;Adquisicion De Solucion Desinfectante Para Los Establecimientos De Salud (Emergencia De Salud Publica- Covid-19) - Prevencion Control Y Atencion Del Coronavirus
SICOES;ESTATAL;30/04/2020;;Gobierno Autonomo Municipal De Colquiri;LA PAZ;;;;;OK;;CD;Contratado;Prevencion Control Y Atencion Del Coronavirus (Equipamiento Centro De Aislamiento Covid-19)
SICOES;ESTATAL;30/04/2020;;Hospital Del Norte;EL ALTO;;;;;;OK;ANPE;Contratado;Insumos De Bioseguridad Covid-19
SICOES;ESTATAL;02/05/2020;;Gobierno Autonomo Municipal De Coripata;COCHABAMBA;;;;OK;OK;;CD;Contratado;(Prevencion Control Y Atencion Del Corona Virus - Adquisicion De Insumos E Instrumental Medico Y Equipos Para La Sala De Aislamiento De Enfermos Del Covid - 19)
SICOES;ESTATAL;04/05/2020;;Direccion Administrativa Y Financiera - Organo Judicial - Pando;PANDO;;;;;;OK;CM;Contratado;Adquisicion De Barbijos Y Alcohol Para Todo El Personal Del Organo Judicial De Pando Para La Prevencion, Control Y Atencion De La Emergencia De Salud Contra El Corona Virus (Covid-19)
SICOES;ESTATAL;04/05/2020;;Direccion Administrativa Y Financiera - Organo Judicial - La Paz;LA PAZ;;;;OK;;;CM;Contratado;Adquisicion De Sustancia Quimica Para DesinfecciÛn Y EsterilizaciÛn Contra La PrevenciÛn Del Contagio Y PropagaciÛn Del Coronavirus (Covid-19) Para El Organo Judicial La Paz
SICOES;ESTATAL;04/05/2020;;Direccion Administrativa Y Financiera - Organo Judicial - La Paz;LA PAZ;;;OK;;;OK;CM;Contratado;Adquisicion De Camaras De Desinfeccion Y Esterilizacion Peatonal (Personal) Contra La Prevencion Del Contagio Y Propagacion Del Coronavirus (Covid-19) Para Oficinas Jurisdiccionales Y Administrativas Del Organo Judicial La Paz
SICOES;ESTATAL;05/05/2020;;Gobierno Autonomo Municipal De Santa Cruz De La Sierra;SANTA CRUZ;;;;;;OK;CM;Contratado;Adquisicion De Insumo De Proteccion Epp (Equipo De Protecion Personal) Por La Pandemia Covid 19 Para Bioseguridad De Los Funcionarios Del Concejo Municipal De Santa Cruz De La Sierra Gestion 2020
SICOES;ESTATAL;05/05/2020;;Gobierno Autonomo Municipal De Villamontes;TARIJA;;;;;;OK;CD;Contratado;Adquisicion De Guantes De Nitrilo Y Comun Descartable Para Prevencion Y Proteccion Del Coranavirus Covid - 19
SICOES;ESTATAL;05/05/2020;;Gobierno AutÛnomo Departamental De Tarija;TARIJA;;;;OK;;;EM;Contratado;AdquisiciÛn De Insumos Para La PrevenciÛn, Control Y AtenciÛn De La Pandemia Del Covid - 19 A Solicitud De La Secretaria Departamental De Desarrollo Humano Dependiente Del Gobierno AutÛnomo Departamental De Tarija
SICOES;ESTATAL;05/05/2020;;Gobierno Autonomo Municipal De Quillacollo;COCHABAMBA;;;;;OK;;CM;Contratado;Compra De 6 Piezas Motoasperor Para Fumigacion Covid-19
SICOES;ESTATAL;05/05/2020;;Gobierno Autonomo Municipal De Santa Cruz De La Sierra;SANTA CRUZ;;;OK;;;;CM;Contratado;Adquisicion De Tunel De Desinfeccion Peatonal, Para La Prevencion Control Y Atencion De La Emergencia De Salud Publica Provocada Por El Coronavirus (Covid-19)
SICOES;ESTATAL;05/05/2020;;Gobierno AutÛnomo Departamental De Cochabamba;COCHABAMBA;;;;;OK;;CD;Contratado;Adquisicion De Termociclador Para Pcr En Tiempo Real Para Atencion De Pacientes Con Covid 19
SICOES;ESTATAL;05/05/2020;;Gobierno Autonomo Municipal De Villamontes;TARIJA;;;;;;OK;CD;Contratado;Adquisicion De Insumos De Bioseguridad (Barbijo N95 Sin Filtro, Gafas, Mameluco Y Antiparras) Para Prevencion Y Proteccion Del Coronavirus Covid - 19
SICOES;ESTATAL;06/05/2020;;Gobierno Autonomo Municipal De Villamontes;TARIJA;;;;;;OK;CD;Contratado;3ra Adquisicion Insumos De Bioseguridad (Gafas, Cubre Calzados, Overol, Estetoscopio) Para Prevencion Y Control Del Coronavirus Covid - 19 Municipio De Villa Montes
SICOES;ESTATAL;06/05/2020;;Gobierno Autonomo Municipal De Colcapirhua;COCHABAMBA;;;;;;OK;CD;Contratado;Adquisicion De Ropa De Trabajo E Insumos De Bioseguridad De Urgencia Como Medidas De Prevencion Contra La Pandemia Del Coronavirus (Covid-19) Para La Red Municipal De Salud De Colcapirhua
SICOES;ESTATAL;06/05/2020;;Gobierno Autonomo Municipal De Colcapirhua;COCHABAMBA;;;;;;OK;CD;Contratado;Adquisicion De Barbijos Kn95 Como Medidas De Prevencion Contra La Pandemia Del Coronavirus (Covid-19) Para La Red Municipal De Salud De Colcapirhua.
SICOES;ESTATAL;06/05/2020;;Direccion Administrativa Y Financiera - Organo Judicial - Pando;PANDO;;;;;;OK;CM;Contratado;Adquisicion De Material De Limpieza Para El Organo Judicial De Pando, Para La Prevencion, Control Y Atencion De La Emergencia De Salud Contra El Coron Avirus (Covid-19)
SICOES;ESTATAL;06/05/2020;;Gobierno Autonomo Municipal De Santa Cruz De La Sierra;SANTA CRUZ;;;;OK;;;CD;Contratado;Adquisicion De Reactivos E Insumos Para Atencion De La Emergencia Por Coronavirus Covid-19 En Hospitales Municipales Y Redes De Salud, Sms
SICOES;ESTATAL;06/05/2020;;Hospital Del Norte;EL ALTO;;;;OK;;;CM;Contratado;Adquisicion De Medicamentos Varios Para Coranivirus Positivo (Covid 19)
SICOES;ESTATAL;06/05/2020;;Hospital Del Norte;EL ALTO;;;;OK;;;CM;Contratado;Adquisicion De Medicamento Controlado Para Uti - A Coronavirus (Covid-19)
SICOES;ESTATAL;06/05/2020;;Caja Nacional De Salud (Regional Chuquisaca);CHUQUISACA;;;;;OK;;ANPP;Adjudicado;Adquisicion De 1 Equipo Gasometro Solicitado Por El Servicio De Laboratorio Del Centro Centinela Covid-19
SICOES;ESTATAL;06/05/2020;;Gobierno AutÛnomo Departamental De Tarija;TARIJA;;;;;;OK;EM;Contratado;Adquisicion De Barbijos Para La PrevenciÛn, Control Y AtenciÛn De La Pandemia Del Covid ? 19 A Solicitud De La Secretaria Departamental De Desarrollo Humano Dependiente Del Gobierno AutÛnomo Departamental De Tarija
SICOES;ESTATAL;07/05/2020;;Gobierno Autonomo Municipal De Punata;COCHABAMBA;;;;;;OK;CM;Contratado;Prevencion Control Y Atencion Del Coronavirus (Adq. De Insumos De Bioseguridad Por Emergencia Sanitaria Y Cuarentena Contra El Coronavirus - Covid-19)
SICOES;ESTATAL;07/05/2020;;Gobierno Autonomo Municipal De Ayopaya (Villa De Independencia);COCHABAMBA;;;;OK;;;CM;Contratado;Compra De Emergencia Vii De Insumos Para La Red De Salud Xi Independencia Para La PrevenciÛn De La Pandemia Coronavirus (Covid-19)
SICOES;ESTATAL;07/05/2020;;Gobierno Autonomo Municipal De Ayopaya (Villa De Independencia);COCHABAMBA;;;;OK;;;CM;Contratado;Compra De Emergencia Vi De Insumos Para La Red De Salud Xi Independencia Para La PrevenciÛn De La Pandemia Coronavirus (Covid-19)
SICOES;ESTATAL;07/05/2020;;Gobierno Autonomo Municipal De Ayopaya (Villa De Independencia);COCHABAMBA;;;;OK;;;CM;Contratado;Compra De Emergencia Ii De Insumos E Instrumentales Para La Prevencion De Coronavirus (Covid-19) En La Red Salud Xi Independencia
SICOES;ESTATAL;08/05/2020;;Gobierno Autonomo Municipal De Potosi;POTOSI;;;;;;OK;CM;Contratado;Adquisicion De Barbijos Descartables Triple Capa Para Personal De Salud Hospital Municipal Ii Nivel San Cristobal (Covid-19) - Fortalecimiento Centros De Salud Md.
SICOES;ESTATAL;08/05/2020;;Gobierno Autonomo Municipal De Ayopaya (Villa De Independencia);COCHABAMBA;;;;;OK;;CM;Contratado;Compra De Emergencia V De Camas Hospitalarios Para La PrevenciÛn De Coronavirus (Covid-19)
SICOES;ESTATAL;08/05/2020;;Ministerio De Salud;POBLACION;;;;;;OK;CD;Contratado;Adquisicion De Distintos Tipos De Barbijos Para La Implementacion Prevencion Covid 19
SICOES;ESTATAL;08/05/2020;;Gobierno Autonomo Municipal De Caracollo;COCHABAMBA;;;;;;OK;CM;Contratado;"Prevenci„??N, Control Y Atenci„??N Del Coronavirus - Adquisici„??N De Lavandina Como Medio De Prevenci„??N Y Desinfecci„??N Contra El Corona Virus Covid - 19 Alerta Sanitaria Nacional"""
SICOES;ESTATAL;11/05/2020;;Gobierno Autonomo Municipal De Potosi;POTOSI;;;;;;OK;CM;Contratado;Adquisicion De Protector Facial, Lentes De Porteccion Antiparra Y Cubre Calzado Descartables Para Personal De Salud Hospital Municipal Ii Nivel San Cristobal (Covid-19) - Fortalecimeinto Centros De Salud Md
SICOES;ESTATAL;11/05/2020;;Gobierno Autonomo Municipal De Potosi;POTOSI;;;;;;OK;CM;Contratado;Adquisicion De Trajes De Proteccion Corporal Y Batas Quirurgicas Descartables Capa Para Personal De Salud Hospital Municipal Ii Nivel San Cristabal (Covid -19) - Fortalecimiento Centros De Salud Md
SICOES;ESTATAL;11/05/2020;;Gobierno AutÛnomo Departamental De Cochabamba;COCHABAMBA;;;;;OK;;CD;Contratado;Adquisicion De Rayos X Portatil Digital Para Atencion De Pacientes Covid19
SICOES;ESTATAL;11/05/2020;;Gobierno Autonomo Municipal De La Paz;LA PAZ;;;;;;OK;CM;Contratado;Adquisicion De Pa„???Ales Y Jaboncillo Liquido Para La Atencion De Terapia Intensiva A Pacientes Covid 19 Gestion 2020
SICOES;ESTATAL;11/05/2020;;Hospital Del Norte;EL ALTO;;;;;OK;;CM;Contratado;Adquisici„?N De Medicamento Analg„?Sico-Sedante Para Coronavirus (Covid-19)
SICOES;ESTATAL;12/05/2020;;Caja Nacional De Salud - Cns;POBLACION;;;;OK;;;CD;Contratado;Adquisicion De Productos Quimicos Farmaceuticos - Medicamentos Covid-19 Lote 1
SICOES;ESTATAL;12/05/2020;;Gobierno Autonomo Municipal De La Asunta;LA PAZ;;;;;OK;;CM;Contratado;PrevenciÛn, Control Y AtenciÛn Del Coronavirus ?AdquisiciÚn De Cloro En Polvo Para DesinfecciÛn En Contra De Coronavirus Covid-19?
SICOES;ESTATAL;12/05/2020;;Caja Nacional De Salud - Cns;POBLACION;;;;OK;;;CD;Contratado;Adquisicion De Productos Quimicos Farmaceuticos - Medicamentos Covid-19 Lote 3
SICOES;ESTATAL;12/05/2020;;Caja Nacional De Salud - Cns;POBLACION;;;;OK;;;CD;Contratado;AdquisiciÛn De Productos QuÌmicos FarmacÈuticos ? Medicamentos Covid-19 Lote 5
SICOES;ESTATAL;12/05/2020;;Ministerio De Salud;POBLACION;;;;;;OK;CD;Contratado;Adquisicion De Tips Con Filtro Para La Implementacion De Prevencion Y Atencion Covid 19 A Nivel Nacional
SICOES;ESTATAL;12/05/2020;;Ministerio De Salud;POBLACION;;;;;OK;;CD;Contratado;Adquisicon De Camilla De Transporte Para La Implementacion De Prevencion Y Atencion Covid -19 A Nivel Nacional
SICOES;ESTATAL;12/05/2020;;Ministerio De Salud;POBLACION;;;;OK;OK;;CD;Contratado;Adquisicion De Equipo E Insumos Medicos Implementacion De Prevencion Y Atencion Covid 19 A Nivel Nacional
SICOES;ESTATAL;12/05/2020;;Ministerio De Salud;POBLACION;;;;;OK;;CD;Contratado;AdquisiciÛn De TermÛmetros Infrarrojos Para La Implementacion De PrevenciÛn Y AtenciÛn Covid 19 A Nivel Nacional
SICOES;ESTATAL;13/05/2020;;Caja Nacional De Salud - Cns;POBLACION;;;;OK;;;CD;Contratado;Adquisicion De Productos Quimicos Farmaceuticos-Medicamentos Covid-19 Lote 2
SICOES;ESTATAL;13/05/2020;;Gobierno Autonomo Municipal De Sena;PANDO;;;;;;OK;CD;Contratado;Adquisici„?????N De Material De Limpieza Y Desinfecci„?????N Para La Prevenci„?????N, Control Y Atenci„?????N De La Emergencia De Salud P„?????Blica De Importancia Internacional Provocada Por El Coronavirus (Covid-19) Centro De Salud El Sena
SICOES;ESTATAL;13/05/2020;;Gobierno Autonomo Municipal De Santa Ana;BENI;;;;OK;;;CM;Contratado;Cargado O Llenado De Oxigeno, Para Pacientes Que Presenten Patologias Como El Covid-19 De Acuerdo A La Cartera De Servicios Del Hospital Dr. Jacobo Abularach A. En Beneficio De Los Usuarios De La Ley N∫ 1152.
SICOES;ESTATAL;13/05/2020;;Gobierno Autonomo Municipal De Sena;PANDO;;;;;;OK;CD;Contratado;Adquisici„???N De Insumos, Dispositivos M„???Dicos De Bioseguridad Para La Prevenci„???N, Control Y Atenci„???N De La Emergencia De Salud P„???Blica De Importancia Internacional Provocada Por El Coronavirus (Covid-19) Centro De Salud El Sena
SICOES;ESTATAL;13/05/2020;;Gobierno Autonomo Municipal De La Paz;LA PAZ;;;;;OK;;CD;Contratado;Adquisicion De Dispositivos Medicos Para Atencion De Terapia Intensiva A Pacientes Covid 19 Gestion 2020
SICOES;ESTATAL;13/05/2020;;Gobierno Autonomo Municipal De La Paz;LA PAZ;;;;OK;;;CD;Contratado;Adquisicion De Medicamentos Para La Atencion De Terapia Intensiva A Pacientes Covid 19 Gestion 2020
SICOES;ESTATAL;14/05/2020;;Gobierno AutÛnomo Departamental De Cochabamba;COCHABAMBA;;;;;OK;;CD;Contratado;Adquisicion De Ventilador Mecanico Para Atencion De Pacientes Covid 19 (Respirador Adulto Pediatrico)
SICOES;ESTATAL;14/05/2020;;Gobierno Autonomo Municipal De Santa Cruz De La Sierra;SANTA CRUZ;;;;;;OK;CM;Contratado;Adquisicion De Alcohol En Gel Para Las Diferentes Unidades Operativas De La Secretaria Municipal De Seguridad Ciudadana Para La Prevencion Control Y Atencion De La Emergencia De La Salud Publica Provocada Por El Coronavirus (Covid-19)
SICOES;ESTATAL;14/05/2020;;Gobierno Autonomo Municipal De Santa Cruz De La Sierra;SANTA CRUZ;;;;;;OK;CM;Contratado;Adquisicion De Guantes Para Prevencion Y Uso De Las Diferentes Unidades Operativas De La Secretaria De Seguridad Ciudadana Para La Prevencion Control Y Atencion De La Emergencia De Salud Publica Provocada Por El Corona Virus (Covid-19)
SICOES;ESTATAL;14/05/2020;;Gobierno Autonomo Municipal De Santisima Trinidad;BENI;;;;;;OK;EM;Contratado;Adquisicion De Insumos Medicos De Proteccion Personal (Barbijos N95-Cubre Calzados) Por Emergencia De Salud Publica Provocada Por El Coronavirus (Covid-19) En El Marco Del D.S.N∞ 4174 Y D.S. 4200 Municipio De Trinidad 2020
SICOES;ESTATAL;14/05/2020;;Gobierno Autonomo Municipal De Santa Cruz De La Sierra;SANTA CRUZ;;;;OK;;;CD;Contratado;"Cd 02/2020 Sms ""Adquisicion De Medicamentos Para Atencion De La Emergencia Por Coronavirus Covid -19 En Hospitales Municipales Y Redes De Salud, Sms"""
SICOES;ESTATAL;14/05/2020;;Gobierno Autonomo Municipal De Santa Cruz De La Sierra;SANTA CRUZ;;;;;OK;;CM;Contratado;Adquisicion De Hidrolavadoras Para La Prevencion, Control De La Emergencia De Salud Publica Provocada Por El Coronavirus (Covid-19)
SICOES;ESTATAL;15/05/2020;;Gobierno Autonomo Municipal De Colcapirhua;COCHABAMBA;;;;;OK;;CD;Contratado;Adquisicion De Equipamiento Medico Para Prevencion Contra La Pandemia De Coronavirus (Covid-19) Para La Red Municipal De Salud De Colcapirhua
SICOES;ESTATAL;15/05/2020;;Gobierno Autonomo Municipal De San Lucas;CHUQUISACA;;;;OK;OK;;CD;Contratado;Adquisicion De Equipamiento Medico E Insumos Para Contencion A Personas Con Covid-19 Para Red De Salud Municipio San Luacs
SICOES;ESTATAL;15/05/2020;;Gobierno Autonomo Municipal De San Lucas;CHUQUISACA;;;;OK;;;CD;Contratado;AdquisiciÛn De Instrumental Medico Para ContenciÛn Y AtenciÛn A Personas Con Covid-19 Para Red De Salud Municipio San Lucas
SICOES;ESTATAL;15/05/2020;;Gobierno Autonomo Municipal De San Lucas;CHUQUISACA;;;;;OK;;CD;Contratado;AdquisiciÛn De Camas Hospitalarias Para ContenciÛn Y AtenciÛn A Personas Con Covid-19 Para Hospital San Lucas
SICOES;ESTATAL;18/05/2020;;Gobierno Autonomo Municipal De Punata;COCHABAMBA;;;;;;OK;CD;Contratado;Prevencion Control Y Atencion Del Coronavirus (Adq. De Material De Limpieza Para La Prevencion, Control Y Atencion De La Emergencia (Covid-19)
SICOES;ESTATAL;18/05/2020;;Gobierno Autonomo Municipal De Punata;COCHABAMBA;;;;;;OK;CM;Contratado;PrevenciÛn Control Y AtenciÛn Del Coronavirus (Adq. De Insumos De Bioseguridad Por Emergencia Sanitaria Y Cuarentena Contra El Coronavirus - Covid-19 - Mayo)
SICOES;ESTATAL;18/05/2020;;Gobierno Autonomo Municipal De Colcapirhua;COCHABAMBA;;;OK;;;;CD;Contratado;Compra De Camaras De Desinfeccion (Industrial) Para Prevencion Del Corona Virus Covid-19 En El Hospital Municipal Andres Cuschieri , Centro De Salud Colcapirhua , Servicio De Hemodialisis Y Edificio Central Del Gam Colcapirhua
SICOES;ESTATAL;18/05/2020;;Gobierno Autonomo Municipal De Santisima Trinidad;BENI;;;;OK;;;EM;Contratado;Adquisicion De Insumos Medicos De Proteccion Personal Por Emergencia De Salud Publica Provocada Por El Coronavirus (Covid-19) En El Marco Del D.S. N∞4174 Y D.S. N∞4200
SICOES;ESTATAL;18/05/2020;;Gobierno AutÛnomo Departamental De Cochabamba;COCHABAMBA;;;;;;OK;CD;Contratado;Compra De Desinfectantes Para La Atencion De Emergencia Sanitaria De Covid 19
SICOES;ESTATAL;18/05/2020;;Gobierno Autonomo Municipal De Yacuiba;TARIJA;;;;;OK;;CD;Contratado;Adquisicion De Equipos De Oficina Y Muebles Para Los Lugares De Aislamiento Para Prevenir El Covid-19
SICOES;ESTATAL;18/05/2020;;Gobierno Autonomo Municipal De Yacuiba;TARIJA;;;;;OK;;CD;Contratado;Adquisicion De Equipo Medico Y De Laboratorio Para Los Lugares De Aislamiento Para Prevenir El Covid-19
SICOES;ESTATAL;18/05/2020;;Gobierno Autonomo Municipal De La Paz;LA PAZ;;;;;OK;;CD;Contratado;Adquisicion De Mascarillas, Sistemas De Drenaje, Tubos Corrugados, Cateters, Filtros Para Respiradores Y Humimificadores De Oxigeno Para La Atencion De Terapia Intensiva A Pacientes Covid 19 Gestion 2020
SICOES;ESTATAL;18/05/2020;;Gobierno Autonomo Municipal De Yacuiba;TARIJA;;;;;OK;;CD;Contratado;Adquisicion De Instrumental Menor Quirurgico Para La Dotacion Para Los Lugares De Aislamiento Para Prevenir El Covid-19
SICOES;ESTATAL;18/05/2020;;Gobierno Autonomo Municipal De Camargo;CHUQUISACA;;;;;OK;;CD;Contratado;AdquisiciÛn De Dos Bombas De InfusiÛn, Para El Hospital San Juan De Dios Camargo, Para AtenciÛn Covid-19
SICOES;ESTATAL;19/05/2020;;Gobierno Autonomo Municipal De Sacaba;COCHABAMBA;;;;;OK;;OF;Contratado;Prevenci„?N, Control Y Atenci„?N Del Coronavirus (Adquisicion De Term„?Metro Infrarrojo D/Frente C/20 Memoria (Jdp-R202) Para Combatir El Coronavirus Covid 19)
SICOES;ESTATAL;19/05/2020;;Gobierno Autonomo Municipal De Yapacani;SANTA CRUZ;;;;;OK;;OF;Contratado;Equipamiento Con Mobiliario Para La Sala De Aislamiento Ambiente Covid-19
SICOES;ESTATAL;19/05/2020;;Universidad Autonoma Del Beni Jose Ballivian;BENI;;;OK;;;;ANPE;Adjudicado;Remodelacion De Pabellon Como Centro Aislamiento Para Sospechosos Covid-19 En Campo Ferial Universidad AutÛnoma Del Beni JosÈ Ballivian En Trinidad
SICOES;ESTATAL;19/05/2020;;Concejo Municipal De La Paz;LA PAZ;;;;;;OK;EM;Contratado;Adquisicion De Insumos De Bioseguridad Para La Prevencion Del Contagio Del Coronavirus (Covid-19), En Centros De Salud Y Espacios Municipales, A Cargo Del Concejo Municipal De La Paz
SICOES;ESTATAL;19/05/2020;;Direccion Administrativa Y Financiera - Organo Judicial - Beni;BENI;;;;;;OK;CM;Contratado;Compra De Material De Bioseguridad En Resguardo A La Salud Por La Pandemia Covid19 Para El Personal Del Tdj Del Beni
SICOES;ESTATAL;19/05/2020;;Concejo Municipal De La Paz;LA PAZ;;;;;;OK;EM;Contratado;Adquisicicion De Lentes De Seguridad Y Termometros Infrarrojos De Bioseguridad Para La Prevencion Del Contagio Del Coronavirus (Covid-19), En Centros De Salud Y Espacios Municipales, A Cargo Del Concejo Municipal De La Paz
SICOES;ESTATAL;20/05/2020;;Gobierno Autonomo Municipal De Sacaba;COCHABAMBA;;;;;OK;;OF;Contratado;Prevencion, Control Y Atencion Del Coronavirus (Adquisicion De Oxigeno Medicinal Para La Atencion De Pacientes Con Covid-19) Bajo La Modalidad De Contratacion Directa
SICOES;ESTATAL;20/05/2020;;Gobierno Autonomo Municipal De San Buenaventura;LA PAZ;;;;;;OK;EM;Contratado;Compra De Equipos De Bioseguridad E Insumos Medicos Por Emergencia Sanitaria Nacional Covid-19 Para El Municipio De San Buenaventura
SICOES;ESTATAL;20/05/2020;;Concejo Municipal De La Paz;LA PAZ;;;;;OK;;EM;Contratado;Adquisicion De Camaras De Desinfeccion Para La Prevencion Del Contagio Del Coronavirus (Covid-19) En Espacios Municipales A Cargo Del Concejo Municipal De La Paz
SICOES;ESTATAL;21/05/2020;;Gobierno Autonomo Municipal De Vinto;COCHABAMBA;;;;;;OK;CM;Contratado;Compra De Ropa De Trabajo Para Los Centros De Salud Y El Hospital Municipal De Vinto Por La Pandemia Mundial Covid-19
SICOES;ESTATAL;21/05/2020;;Gobierno AutÛnomo Departamental De La Paz;LA PAZ;;;;;OK;;EM;Contratado;Adquisicion De Arroz Perlado, Fideo, Azucar Y Aceite Comestible Para La Atencion De Emergencia Sanitaria Covid - 19
SICOES;ESTATAL;21/05/2020;;Concejo Municipal De La Paz;LA PAZ;;;;;;OK;EM;Contratado;Adquisicion De Material De Bioseguridad Para La Prevencion Del Contagio Del Coronavirus (Covid-19) En Centros De Salud Y Espacios Municipales A Cargo Del Concejo Municipal De La Paz
SICOES;ESTATAL;21/05/2020;;Gobierno Autonomo Municipal De Riberalta;BENI;;;;;OK;;CD;Contratado;Adquisicion De Dos Ventilador Mecanico Un Monitor Multiparametrico 10 Camas Hospitalarias Para Cuidados Intensivos Covid ? 19
SICOES;ESTATAL;21/05/2020;;Gobierno Autonomo Municipal De San Buenaventura;LA PAZ;;;;;;OK;EM;Contratado;Compra De Equipos De Bioseguridad E Insumos Medicos Por Emergencia Sanitaria Nacional Covid-19 Para El Municipio De San Buenaventura
SICOES;ESTATAL;28/05/2020;;Gobierno Autonomo Municipal De Yapacani;SANTA CRUZ;;;;;OK;;OF;Contratado;Equipamiento Con Ventilador Mecanico Para Sala De Aislamiento Covid 19 Ubicado En El Estadium
SICOES;ESTATAL;28/05/2020;;Gobierno Autonomo Municipal De Coripata;LA PAZ;;;;;;OK;CD;Contratado;Adquisicion De Material E Indumentaria De Bioseguridad Para Coronavirus (Covid -19), Para El Centro De Salud Integral De Coripata
SICOES;ESTATAL;28/05/2020;;Gobierno Autonomo Municipal De Viacha;LA PAZ;;;;;OK;;CM;Contratado;Prevencion Control Y Atencion Del Coronavirus, Seccional (Adquisicion De Mochilas Fumigadoras Para La Prevencion De Emergencia Sanitaria Covid-19)
SICOES;ESTATAL;28/05/2020;;Gobierno Autonomo Municipal De Santisima Trinidad;BENI;;;;OK;;;EM;Contratado;Adquisicion De Insumos Hospitalarios Para Adecuacion Del Centro De Salud Central-2do Nivel En Atencion Por Emergencia Sanitaria Covid -19
SICOES;ESTATAL;28/05/2020;;Corporacion Del Seguro Social Militar - Cossmil;POBLACION;;;;;;OK;CD;Contratado;Adquisicion De Overoles Descartables Insumo De Bioseguridad Para Combatir El Corona Virus (Covid-19), Para Almacen Central De Gerencia De Salud Y Agencia Regional Santa Cruz Codigo Gsl-Uc-Cd Nro. 013/2020
SICOES;ESTATAL;28/05/2020;;Gobierno Autonomo Municipal De Santa Ana;BENI;;;;OK;;;OF;Contratado;Adquisicion De Medicamentos E Insumos Medicos, Destinados Para La Prevencion, Control Y Atencion De La Emergencia Provocada Por El Coronavirus (Covid-19) De Acuerdo A Lo Establecido En El Decreto Supremo N∫ 4174.
SICOES;ESTATAL;28/05/2020;;Gobierno Autonomo Municipal De La Paz;LA PAZ;;;;;;OK;CD;Contratado;Adquisicion De Guantes Descartables Para La Atencion De Terapia Intensiva A Pacientes Covid 19-Gestion 2020
SICOES;ESTATAL;28/05/2020;;Gobierno Autonomo Municipal De Santa Ana;BENI;;;;;OK;;CM;Contratado;Adquisicion De Equipos De Oxigeno Medicinal Destinados Para La Atencion De Pacientes Con Coronavirus (Covid-19) Que Seran Atendidos De Acuerdo A La Ley N∫ 1152
SICOES;ESTATAL;29/05/2020;;Gobierno Autonomo Municipal De Yacuiba;TARIJA;;;;OK;;;CD;Contratado;Adquisicion De Insumos Para Dotar Los Lugares De Aislamiento Para Prevenir El Covid-19 Perteneciente Al Gobierno Municipal
SICOES;ESTATAL;29/05/2020;;Gobierno Autonomo Municipal De Potosi;POTOSI;;;;;OK;;CD;Contratado;Adquisicion De Lentes De Proteccion Antiparra Y Barbijos Clinicos Para Prevencion Y Control De Emergencia De Salud (Covid - 19) Equipamiento Centro De Salud M.D.
SICOES;ESTATAL;29/05/2020;;Gobierno AutÛnomo Departamental De La Paz;LA PAZ;;;;;;OK;EM;Contratado;Adquisicion De Insumos De Bioseguridad Para La Atencion De Emergencia Sanitaria Covid - 19
SICOES;ESTATAL;29/05/2020;;Gobierno Autonomo Municipal De Colquiri;LA PAZ;;;;OK;OK;;CM;Contratado;Prevencion Control Y Atencion Del Coronavirus (Adquisicion De Insumos Y Equipo De Proteccion Personal Covid-19)
SICOES;ESTATAL;29/05/2020;;Caja Petrolera De Salud Administracion Departamental Santa Cruz;SANTA CRUZ;;;;;OK;;CD;Contratado;AdquisiciÛn De Equipos De ComunicaciÛn (60 Televisores De 43 Smart Full Hd Con Soporte) Para El Centro De Aislamiento Andres IbaÒez Covid-19
SICOES;ESTATAL;29/05/2020;;Caja Petrolera De Salud Administracion Departamental Santa Cruz;SANTA CRUZ;;;;;OK;;CD;Contratado;AdquisiciÛn De Equipos De ComputaciÛn (10 Computadoras De Escritorio Y 10 Impresoras Multinacional) Para El Centro De Aislamiento Andres IbaÒez Plan De Contingencia Departamental Covid-19
SICOES;ESTATAL;29/05/2020;;Gobierno Autonomo Municipal De San Lucas;CHUQUISACA;;;;;OK;;CD;Contratado;Adquisicion De Equipamiento Medico E Instruemental Medico Para Combatir Con Covid-19 Para Los 29 Centros De Salud Del Municipio De San Lucas
SICOES;ESTATAL;29/05/2020;;Gobierno Autonomo Municipal De San Lucas;CHUQUISACA;;;;;OK;;CD;Contratado;AdquisiciÛn De Camas Hospitalarias Para Combatir Con Covid-19 Para Los 29 Centros De Salud Del Municipio San Lucas
SICOES;ESTATAL;29/05/2020;;Gobierno Autonomo Municipal De San Lucas;CHUQUISACA;;;;;;OK;CD;Contratado;Compra De Insumos De Bio Seguridad Para ProtecciÛn Y PrevenciÛn Contra El Coronavirus Covid-19 Para El Personal De Salud Municipio San Lucas
SICOES;ESTATAL;29/05/2020;;Gobierno Autonomo Municipal De San Lucas;CHUQUISACA;;;;;;OK;CD;Contratado;Compra De Materiales Para DesinfecciÛn E Insumos De Bio Seguridad Contra El Coronavirus Covid-19 Para El Personal Salud Municipio San Lucas
SICOES;ESTATAL;29/05/2020;;Caja Nacional De Salud (Regional Chuquisaca);CHUQUISACA;;;;;;OK;ANPE;En curso;Adquisicion De Material De Bioseguridad Barbijos, Mascaras Y Lentes De Proteccion Solicitado Por El Centro Centinela Covid-19
SICOES;ESTATAL;29/05/2020;;Caja Nacional De Salud (Regional Chuquisaca);CHUQUISACA;;;;;;OK;ANPE;En curso;Adquisicion De 5.000 Barbijos Kn 95 Solicitado Por Laboratorio Del Centro Centinela Covid-19
SICOES;ESTATAL;01/06/2020;;Gobierno Autonomo Municipal De Cochabamba;COCHABAMBA;;;;;;OK;CD;Contratado;Adquisicion De Material De Limpieza Para Los Centros De Salud De La Red Cercado Covid - 19
SICOES;ESTATAL;01/06/2020;;Caja Petrolera De Salud Departamental Cochabamba;COCHABAMBA;;;;;;OK;CD;Contratado;Adquisicion Mamelucos (Covid-19)
SICOES;ESTATAL;01/06/2020;;Gobierno Autonomo Municipal De Potosi;POTOSI;;;;;;OK;CM;Contratado;Adquisicion De Mochilas Fumigadoras Para El Covid-19 - Prevencion De Riesgos D-16
SICOES;ESTATAL;01/06/2020;;Caja Petrolera De Salud Departamental Cochabamba;COCHABAMBA;;;;;;OK;CD;Contratado;Adquisicion Elementos De Proteccion Personal Covid-19 (Mandil, Gorros Y Barbijo)
SICOES;ESTATAL;01/06/2020;;Caja Petrolera De Salud Departamental Cochabamba;COCHABAMBA;;;;;;OK;CD;Contratado;Adquisicion Batas Para Personal De Enfermeria (Covid-19)
SICOES;ESTATAL;01/06/2020;;Gobierno Autonomo Municipal De Santa Cruz De La Sierra;SANTA CRUZ;;;;;OK;;EM;Contratado;Adquisicion Por Emergencia De Hidrolavadoras Para La Prevencion Control Y Atencion De La Emergencia De Salud Publica Provocada Por El Coronavirus (Covid-19)
SICOES;ESTATAL;01/06/2020;;Gobierno AutÛnomo Departamental De Cochabamba;COCHABAMBA;;;;;OK;;CD;Contratado;Adquisicion De Mesas De Cama Para Comer,Soporte Rodante Para Suero De Acero Inox,Para El Servicio De Terapia Intensiva Covid-19 Del Hospital Clinico Viedma
SICOES;ESTATAL;01/06/2020;;Gobierno Autonomo Municipal De Santa Cruz De La Sierra;SANTA CRUZ;;;;;OK;;EM;Contratado;Adquisicion Por Emergencia De Sabanas Y Toallas Para Albergue De Pacientes Sospechosos De Covid-19, Para La Prevencion Control Y Atencion De La Emergencia De Salud Publica Provocada Por El Coronavirus (Covid-19)
SICOES;ESTATAL;01/06/2020;;Corporacion Del Seguro Social Militar - Cossmil;POBLACION;;;;;;OK;CD;Contratado;Adquisici„?N De Alcohol En Gel 60 ? 80 % 1 Litro Insumo De Bioseguridad Para Combatir El Corona Virus (Covid-19) Hospital Militar Central Agencias Regionales - Gerencia De Salud
SICOES;ESTATAL;02/06/2020;;Ministerio De Energias;POBLACION;;;;;;OK;OF;Contratado;Provision Y Dotacion De Material De Bioseguridad Y Material De Primeros Auxilios Para El Personal Del Per Ii Y Pevd Para Afrontar La Crisis Del Covid 19 - Marzo 2020
SICOES;ESTATAL;02/06/2020;;Gobierno Autonomo Municipal De Cochabamba;COCHABAMBA;;;;;;OK;CD;Contratado;Adquisicion De Mascarillas De Proteccion Facial-1 Para Establecimientos De Salud Red Cercado (Covid 19)
SICOES;ESTATAL;02/06/2020;;Gobierno Autonomo Municipal De Sena;PANDO;;;;;OK;;CD;Contratado;Equipamiento Sala De Aislamiento Para La Prevenci„?N, Control Y Atenci„?N De La Emergencia De Salud P„?Blica De Importancia Internacional Provocada Por El Coronavirus (Covid-19) Centro De Salud El Sena
SICOES;ESTATAL;02/06/2020;;Gobierno Autonomo Municipal De Cochabamba;COCHABAMBA;;;;;;OK;CD;Contratado;Adquisicion De Hipoclorito De Sodio Para Los Centros De Salud De La Red Cercado Covid-19
SICOES;ESTATAL;02/06/2020;;Servicio Departamental De Salud Chuquisaca;CHUQUISACA;;;;OK;;;CD;Contratado;AdquisiciÛn De Insumos Para El Fortalecimiento De Capacidades De Las Redes De Salud Para La AtenciÛn De Pacientes Con Sospecha Del Coronavirus Covid - 19 En Conformidad Al Decreto Supremo 4174 Para Sedes Chuquisaca.
SICOES;ESTATAL;02/06/2020;;Gobierno Autonomo Municipal De La Paz;LA PAZ;;;;;;OK;CD;Contratado;Adquisicion De Desinfectantes (Hdq) Neutral Para Prevencion Control Y Atencion Del Coronavirus Covid 19-Gestion 2020
SICOES;ESTATAL;03/06/2020;;Autoridad De FiscalizaciÛn Y Control De Pensiones Y Seguros - Aps;POBLACION;;;;;;OK;CM;Contratado;Adquisicion De Barbijos Y Guantes De Latex - Covid 19
SICOES;ESTATAL;03/06/2020;;Gobierno Autonomo Municipal De Sena;PANDO;;;OK;;;;CD;Contratado;Adquisici„?N De 4 C„ÅMaras De Desinfecci„?N Para La Prevenci„?N, Control Y Atenci„?N De La Emergencia De Salud P„?Blica De Importancia Internacional Provocada Por El Coronavirus (Covid-19) En El Municipio De Sena
SICOES;ESTATAL;03/06/2020;;Autoridad De FiscalizaciÛn Y Control De Pensiones Y Seguros - Aps;POBLACION;;;;;;OK;CM;Contratado;AdquisiciÛn De Alcohol En Gel, Lentes De Proteccion, Termometros Y Trajes De Bioseguridad Por Covid 19
SICOES;ESTATAL;03/06/2020;;Gobierno Autonomo Municipal De Guayaramerin;BENI;;;;;;OK;EM;Contratado;Primera Adquisicion De Prendas De Vestir Para La Emergencia Sanitaria Covid - 19 En El Municipio De Guayaramerin Correspondiente A La Gestuon 2020
SICOES;ESTATAL;03/06/2020;;Caja Nacional De Salud - Cns;POBLACION;;;;OK;;;CD;Contratado;Adquisicion De Productos Quimicos Farmaceuticos-Medicamentos Covid-19 Lote 4
SICOES;ESTATAL;03/06/2020;;Gobierno Autonomo Municipal De Carapari;TARIJA;;;;OK;;;OF;Contratado;Implementacion Unidad De Riesgo ( Adquisicion De Materiales E Insumos Para La Prevencion De La Emergencia Sanitaria Del Coronavirus Covid-19).
SICOES;ESTATAL;03/06/2020;;Caja Nacional De Salud - Cns;POBLACION;;;;OK;;;CD;Contratado;Adquisicion De Productos Quimicos Farmaceuticos-Medicamentos Covid-19 Lote 12
SICOES;ESTATAL;03/06/2020;;Gobierno Autonomo Municipal De Carapari;TARIJA;;;;;;OK;OF;Contratado;Prevenci„??N Mitigacion Desastres Naturales Y Adaptaci„??N Al Cambio Climatico 2da. Seccion Carapari (Adquisici„??N De Material De Bioseguridad Para La Prevenci„??N Del Coronavirus Covid-19).
SICOES;ESTATAL;03/06/2020;;Gobierno Autonomo Municipal De Oruro;ORURO;;;;;OK;;CM;Contratado;6 Termomagneticos 2x50 A, 2 Termomagneticos 2x2 A,3 Cajas TÈrmicas De 2 Pares, 5 Terminal De Empalme De 35 Mm, 5 Interruptor De Sobreponer 16 A,............(D..Ie.S.D- Centro De Aislamiento Covid-19, Bloque B Alm.00641/20
SICOES;ESTATAL;03/06/2020;;Gobierno Autonomo Municipal De Calamarca;LA PAZ;;;OK;;;;CM;Contratado;Adquisicion De 12 Gabinetes De Fumigacion Y Desinfeccion Para La Prevencion Pandemia Covid - 19
SICOES;ESTATAL;03/06/2020;;Gobierno Autonomo Municipal De Santa Cruz De La Sierra;SANTA CRUZ;;;;;OK;;EM;Contratado;Adquisicion Por Emergencia De Equipamiento Y Enseres Para La Implementacion De Centros De Aislamiento, Para La Prevencion, Control Y Atencion De La Emergencia De Salud Publica, Provocada Por El Covid-19, Para Redes De Salud, Sms
SICOES;ESTATAL;03/06/2020;;Gobierno Autonomo Municipal De Santa Cruz De La Sierra;SANTA CRUZ;;;;OK;;;CD;Contratado;Adquisicion De Insumos, Para La Prevencion Control Y Atencion De La Emergencia De Salud Publica Provocada Por El Coronavirus (Covid-19), En El Marco Del Decreto Supremo N∫ 4174
SICOES;ESTATAL;03/06/2020;;Gobierno Autonomo Municipal De Yacuiba;TARIJA;;;;;OK;;EM;Contratado;Adquisicion De Materiales Para Atender La Emergencia Sanitaria Por El Covid-19 Del Municipio De Yacuiba
SICOES;ESTATAL;04/06/2020;;Gobierno Autonomo Municipal De Yacuiba;TARIJA;;;;OK;;;CD;Contratado;Adquisicion De Insumos Para Los Establecimientos De Salud De 1er Y 2do Nivel Y Funcionamiento Del Gamy Prevenir El Covid-19
SICOES;ESTATAL;04/06/2020;;Caja Petrolera De Salud-Instituto Oncologico Nacional;POBLACION;;;;OK;OK;;ANPE;Adjudicado;Adquisicion De Equipos De Proteccion Personal (Epp) E Insumos Ante Contingencias Covid 19 Para El Ion-Cps Gestion 2020
SICOES;ESTATAL;04/06/2020;;Gobierno Autonomo Municipal De Sena;PANDO;;;;;OK;;CD;Contratado;Adquisici„??N De Equipos De Desinfecci„??N (Mochilas Fumigadoras) Para Prevenci„??N, Control Y Atenci„??N De La Emergencia De Salud Publica De Importancia Internacional Provocada Por Le Coronavirus (Covid-19) Centro De Salud El Sena
SICOES;ESTATAL;04/06/2020;;Gobierno AutÛnomo Departamental De Cochabamba;COCHABAMBA;;;OK;;;;CD;Contratado;Adquisicion De Vitrina Para El Servicio De Triaje Covid-19 Del Hospital Clinico Viedma
SICOES;ESTATAL;04/06/2020;;Gobierno Autonomo Municipal De La Paz;LA PAZ;;;;;;OK;EM;Contratado;Adquisicion De Overoles Descartables Para Atenci„?N Del Coronavirus-Covid 19
SICOES;ESTATAL;05/06/2020;;Gobierno Autonomo Municipal De Riberalta;BENI;;;;;;OK;CD;Contratado;Adquisicion De Indumentaria De Bioseguridad Para Emergencia Sanitaria Covid ? 19 Fase 1
SICOES;ESTATAL;05/06/2020;;Gobierno Autonomo Municipal De Sacaba;COCHABAMBA;;;;OK;OK;;CM;Contratado;Servicios Y Equipamiento Establecimientos De 1er Nivel: Tuscapujio, Pacata Distrito 3, El Abra, Catachilla Alta, San Juan De Dios Y Quintanilla (Adquisicion De Insumos Y Material De Limpieza Para Prevension Del Coronavirus Covid-19)
SICOES;ESTATAL;05/06/2020;;Gobierno Autonomo Municipal De Potosi;POTOSI;;;;;;OK;CD;Contratado;Adquisicion De Barbijos N-95 Para Prevencion Y Control De Emergencia De Salud Publica Provocado Por El Covid-19 - Servicios De Salud Universal Y Gratuita - Sus
SICOES;ESTATAL;05/06/2020;;Caja Petrolera De Salud Administracion Departamental Santa Cruz;SANTA CRUZ;;;;;;OK;CD;Contratado;Adquisicion De Batas Y Botas Y Gorros Impermeables Para Ejecucion Del Plan De Contingencia Departamental Coronavirus Covid-19 Unid. Jftra. Dptal. De Servicio De Salud Cps (Ds 4174 Coronavirus Covid 19)
SICOES;ESTATAL;05/06/2020;;Servicio Departamental De Salud La Paz Sedes;LA PAZ;;;;;;OK;CM;Contratado;Adquisicion De Alcohol Medicinal Para Covid - 19
SICOES;ESTATAL;05/06/2020;;Servicio Departamental De Salud La Paz Sedes;LA PAZ;;;;;;OK;CM;Contratado;Adquisicion De Desinfectante Liquido Para Covid - 19
SICOES;ESTATAL;05/06/2020;;Gobierno Autonomo Municipal De Papel Pampa;LA PAZ;;;;;;OK;CM;Contratado;Covid 19 (Compra De Material De Limpieza, Insumos De Bioseguridad, Equipamiento De Bioseguridad - 6 Establecimientos De Salud Gam Papel Pampa)
SICOES;ESTATAL;05/06/2020;;Gobierno Autonomo Municipal De Yapacani;SANTA CRUZ;;;;OK;;;OF;Contratado;Compra De Material Medico Para Sala De Aislamiento Covid 19
SICOES;ESTATAL;05/06/2020;;Gobierno Autonomo Municipal De Oruro;ORURO;;;;;OK;;CM;Contratado;13 Toma Shucko De 2 Salidas Solera, 16 Toma Shucko De 3 Salidas, 7 Termomagneticos 2x25 A , 6 Termomagneticos 2x16 A , 13 Cajas Termicas Para 1 Par, 8 Toma Shucko De 1 Salida Con Tapa,..........................(D.I.E.S.D. - Centro De Aislamiento Covid-19 Bloque A Alm-P-00642/20)
SICOES;ESTATAL;08/06/2020;;Caja Petrolera De Salud-Administracion Sub Zonal Villamontes;TARIJA;;;;OK;;;CD;Contratado;Adquisicion De Insumos Medicos (Epp) Por Emergencia Nacional Covid-19 Para La Cps Sub Zonal Villa Montes
SICOES;ESTATAL;08/06/2020;;Gobierno AutÛnomo Departamental De PotosÌ;POTOSI;;;;OK;;;CD;Contratado;Adquisicion De Instrumental Menor Medico Quirurgico (Lentes Anti Parra) Covid - 19 Sedes Potosi
SICOES;ESTATAL;08/06/2020;;Gobierno Autonomo Municipal De Santa Cruz De La Sierra;SANTA CRUZ;;;;;;OK;EM;Contratado;Adquisicion Por Emergencia De Maquinas Fumigadoras, Para La Prevencion, Control Y Atencion De La Emergencia De Salud Publica Provocada Por El Coronavirus (Covid-19)
SICOES;ESTATAL;08/06/2020;;Gobierno Autonomo Municipal De La Paz;LA PAZ;;;;;OK;;CD;Contratado;Adquisicion De Tubos, Mango Bacteriologico, Asa Bacteriologica, Tips, Cubreobjetos Y Jeringas Para La Atencion De Terapia Intensiva A Pacientes Covid 19-Gestion 2020
SICOES;ESTATAL;08/06/2020;;Gobierno Autonomo Municipal De Huanuni (Villa Huanuni);ORURO;;;;;OK;;CD;Contratado;Adquisicion De Equipamiento Para El Area De Aislamiento Covid - 19, Escritorios, Sillon, Casilleros, Sillas Y Estufas
SICOES;ESTATAL;08/06/2020;;Gobierno AutÛnomo Departamental De PotosÌ;POTOSI;;;;;;OK;CD;Contratado;Adquisicion De Material De Limpieza (Jabon Antibacterial 5 Litros )Para Covid -19 Sedes Potosi
SICOES;ESTATAL;08/06/2020;;Ministerio De Salud;POBLACION;;;;OK;;;OF;Contratado;Adquisicion De Medicamentos, Insumos Y Reactivos Para La Emergencia Sanitaria Nacional Covid-19 (1er. Lote)
SICOES;ESTATAL;08/06/2020;;Gobierno Autonomo Municipal De Santa Cruz De La Sierra;SANTA CRUZ;;;;OK;;;CD;Contratado;Adquisicion De Insumos (Segunda Compra), Para La Prevencion Control Y Atencion De La Emergencia De Salud Publica Provocada Por El Coronavirus (Covid-19), En El Marco Del Decreto Supremo N∫ 4174 De 04 De Marzo De 2020
AISESM;ESTATAL;15/04/2020;;Agencia de Infraestructura en Salud y Equipamiento MÈdico;POBLACION;;;OK;OK;OK;;CONVOCATORIA A EXPRESIONES DE INTERES PARA BASE DE PROVEEDORES;Publicado;La AISEM invita a potenciales proponentes a presentar manifestaciones de interÈs para la contrataciÛn de Obras de AmpliaciÛn, AdecuaciÛn y Equipamiento del Centro de Salud Trinidad (Central) del Municipio de Trinidad del Departamento del Beni.
AISESM;ESTATAL;13/04/2020;;Agencia de Infraestructura en Salud y Equipamiento MÈdico;POBLACION;;;OK;OK;OK;;LICITACION P⁄BLICA INTERNACIONAL;Publicado;ContrataciÛn de DiseÒo, ConstrucciÛn y Equipamiento de los Hospitales de Segundo Nivel de los municipios de VillazÛn, y Tupiza del departamento de PotosÌ, y de los municipios de Camiri del Departamento de Santa Cruz y municipio de Monteagudo del Departamento de Chuquisaca
AISESM;ESTATAL;16/04/2020;;Agencia de Infraestructura en Salud y Equipamiento MÈdico;POBLACION;;;OK;OK;OK;;CONVOCATORIA A EXPRESIONES DE INTERES PARA BASE DE PROVEEDORES;En EvaluaciÛn;La Agencia de Infraestructura en Salud y Equipamiento MÈdico (AISEM) a consecuencia de los hechos que se vienen suscitando respecto a la propagaciÛn del COVID-19, invita a empresas a presentar EXPRESIONES DE INTER…S para conformar la Base de Proveedores de Equipamiento MÈdico, para los siguientes items.
AISESM;ESTATAL;08/04/2020;;Agencia de Infraestructura en Salud y Equipamiento MÈdico;POBLACION;;;OK;OK;OK;;CONVOCATORIA A EXPRESIONES DE INTERES PARA BASE DE PROVEEDORES;En EvaluaciÛn;La Agencia de Infraestructura en Salud y Equipamiento MÈdico (AISEM) a consecuencia de los hechos que se vienen suscitando respecto a la propagaciÛn del COVID-19, invita a empresas a presentar EXPRESIONES DE INTER…S para conformar la Base de Proveedores de Equipamiento MÈdico, para los siguientes items.
AISESM;ESTATAL;08/04/2020;;Agencia de Infraestructura en Salud y Equipamiento MÈdico;POBLACION;;;OK;OK;OK;;CONVOCATORIA A EXPRESIONES DE INTERES PARA BASE DE PROVEEDORES;En EvaluaciÛn;La Agencia de Infraestructura en Salud y Equipamiento MÈdico (AISEM) a consecuencia de los hechos que se vienen suscitando respecto a la propagaciÛn del COVID-19, invita a empresas a presentar EXPRESIONES DE INTER…S para la provisiÛn de EQUIPOS DE PROTECCI”N PERSONAL
AISESM;ESTATAL;17/03/2020;;Agencia de Infraestructura en Salud y Equipamiento MÈdico;POBLACION;;;OK;OK;OK;;CONVOCATORIA A EXPRESIONES DE INTERES PARA BASE DE PROVEEDORES;En EvaluaciÛn;"La AISEM invita a empresas proponentes a presentar manifestaciones de interÈs para el Servicio de SupervisiÛn TÈcnica para el Mantenimiento y ReparaciÛn de la Infraestructura de los siguientes establecimientos Hospitalarios de tercer nivel:
- Hospital Presidente German Busch del departamento del Beni
- Hospital de la Mujer Dr. Percy Boland Rodriguez del departamento de Santa Cruz"
